"(row, OceanActionID)",sdg,sdg_count,trg,trg_count,sdg-trg,trg-sdg
"(1, '16727')",['06' '09' '11' '12' '14' '17'],6,['06' '09' '11' '12' '14' '17'],6,[],[]
"(2, '18064')",['12' '13' '14' '17'],4,['12' '14'],2,['13' '17'],[]
"(3, '20468')",['03' '06' '07' '11' '12' '13' '14'],7,['06' '11' '12' '14'],4,['03' '07' '13'],[]
"(4, '21832')",[],0,[],0,[],[]
"(5, '20269')",['14'],1,['14'],1,[],[]
"(6, '21680')",['14'],1,['14'],1,[],[]
"(7, '21692')",['14'],1,['14'],1,[],[]
"(8, '17334')",['14'],1,['14'],1,[],[]
"(9, '17992')",['14'],1,['14'],1,[],[]
"(10, '17989')",['14'],1,['14'],1,[],[]
"(11, '16625')",['03' '08' '10' '13' '14' '16' '17'],7,['08' '13' '14' '17'],4,['03' '10' '16'],[]
"(12, '21468')",['14' '17'],2,['14' '17'],2,[],[]
"(13, '17326')",['14'],1,['14'],1,[],[]
"(14, '15740')",['14'],1,['14'],1,[],[]
"(15, '18733')",['02' '05' '06' '11' '14'],5,['02' '05' '06' '14'],4,['11'],[]
"(16, '18553')",['12' '14'],2,['14'],1,['12'],[]
"(17, '17094')",['01' '02' '03' '06' '08' '12' '14' '15' '16' '17'],10,['01' '02' '03' '06' '08' '12' '14' '15' '16' '17'],10,[],[]
"(18, '16762')",['14'],1,['14'],1,[],[]
"(19, '16439')",['14'],1,['14'],1,[],[]
"(20, '16688')",['01' '02' '06' '13' '14' '15' '16' '17'],8,['14'],1,['01' '02' '06' '13' '15' '16' '17'],[]
"(21, '16292')",['04' '13' '14'],3,['04' '13' '14'],3,[],[]
"(22, '18037')",['13' '14'],2,['13' '14'],2,[],[]
"(23, '14803')",['14'],1,['14'],1,[],[]
"(24, '19313')",['06' '14'],2,['06' '14'],2,[],[]
"(25, '16670')",['06' '07' '08' '09' '12' '13' '14' '15'],8,['14'],1,['06' '07' '08' '09' '12' '13' '15'],[]
"(26, '14771')",['14'],1,['14'],1,[],[]
"(27, '16538')",['14'],1,['14'],1,[],[]
"(28, '16331')",['14'],1,['14'],1,[],[]
"(29, '16114')",['14'],1,['14'],1,[],[]
"(30, '17530')",['06' '12' '14' '15'],4,['14'],1,['06' '12' '15'],[]
"(31, '21556')",['08' '14' '16' '17'],4,['08' '14' '16' '17'],4,[],[]
"(32, '16182')",['01' '08' '14' '16'],4,['01' '08' '14' '16'],4,[],[]
"(33, '17266')",['14'],1,['14'],1,[],[]
"(34, '15318')",['12' '14' '17'],3,['12' '14' '17'],3,[],[]
"(35, '17749')",['06' '09' '12' '14'],4,['06' '09' '12' '14'],4,[],[]
"(36, '17797')",['14'],1,['14'],1,[],[]
"(37, '21112')",['14'],1,['14'],1,[],[]
"(38, '16782')",['13' '14'],2,['13' '14'],2,[],[]
"(39, '18678')",['02' '03' '14'],3,['14'],1,['02' '03'],[]
"(40, '18548')",['07' '09' '14'],3,['07' '09' '14'],3,[],[]
"(41, '21512')",['14'],1,['14'],1,[],[]
"(42, '17638')",['08' '12' '14' '17'],4,['14'],1,['08' '12' '17'],[]
"(43, '16733')",['13' '14'],2,['13' '14'],2,[],[]
"(44, '17932')",['13' '14'],2,['13' '14'],2,[],[]
"(45, '21328')",['14'],1,['14'],1,[],[]
"(46, '16046')",['01' '02' '03' '12' '14' '17'],6,['14'],1,['01' '02' '03' '12' '17'],[]
"(47, '17803')",['14'],1,['14'],1,[],[]
"(48, '16518')",['14'],1,['14'],1,[],[]
"(49, '18424')",['02' '14'],2,['14'],1,['02'],[]
"(50, '20828')",['14'],1,['14'],1,[],[]
"(51, '15422')",['01' '02' '08' '11' '13' '14'],6,['14'],1,['01' '02' '08' '11' '13'],[]
"(52, '18001')",['14'],1,['14'],1,[],[]
"(53, '16838')",['01' '02' '04' '05' '06' '07' '08' '09' '12' '13' '14' '15' '16' '17'],14,['01' '02' '04' '05' '06' '07' '08' '09' '12' '13' '14' '15' '16' '17'],14,[],[]
"(54, '20249')",['06' '14'],2,['06' '14'],2,[],[]
"(55, '17857')",['14'],1,['14'],1,[],[]
"(56, '21723')",['04' '07' '08' '12' '14' '17'],6,['04' '07' '08' '12' '14' '17'],6,[],[]
"(57, '15491')",['02' '03' '04' '06' '07' '08' '09' '11' '12' '13' '14' '15' '16' '17'],14,['14'],1,['02' '03' '04' '06' '07' '08' '09' '11' '12' '13' '15' '16' '17'],[]
"(58, '17598')",['14'],1,['14'],1,[],[]
"(59, '17782')",['14'],1,['14'],1,[],[]
"(60, '20908')",['14' '15'],2,['14' '15'],2,[],[]
"(61, '15757')",['14'],1,['14'],1,[],[]
"(62, '21368')",['13' '14'],2,['13' '14'],2,[],[]
"(63, '20464')",['13' '14'],2,['14'],1,['13'],[]
"(64, '17090')",['14'],1,['14'],1,[],[]
"(65, '21020')",['14'],1,['14'],1,[],[]
"(66, '17050')",['06' '12' '14' '15'],4,['06' '12' '14' '15'],4,[],[]
"(67, '16301')",['04' '14'],2,['04' '14'],2,[],[]
"(68, '17890')",['14'],1,['14'],1,[],[]
"(69, '19579')",['01' '02' '05' '08' '10' '12' '13' '14' '15'],9,['14'],1,['01' '02' '05' '08' '10' '12' '13' '15'],[]
"(70, '16790')",['01' '14'],2,['01' '14'],2,[],[]
"(71, '18938')",['14'],1,['14'],1,[],[]
"(72, '21735')",['06' '11' '12' '14'],4,['06' '11' '12' '14'],4,[],[]
"(73, '18421')",['14'],1,['14'],1,[],[]
"(74, '20389')",['14'],1,['14'],1,[],[]
"(75, '15302')",['02' '13' '14'],3,['02' '13' '14'],3,[],[]
"(76, '20744')",['09' '13' '14' '17'],4,['09' '13' '14' '17'],4,[],[]
"(77, '17806')",['14'],1,['14'],1,[],[]
"(78, '18370')",['14'],1,['14'],1,[],[]
"(79, '20029')",['01' '02' '13' '14' '15'],5,['01' '02' '13' '14' '15'],5,[],[]
"(80, '20664')",['01' '02' '03' '05' '08' '14'],6,['14'],1,['01' '02' '03' '05' '08'],[]
"(81, '21232')",['14'],1,['14'],1,[],[]
"(82, '18518')",['13' '14'],2,['14'],1,['13'],[]
"(83, '21120')",['14'],1,['14'],1,[],[]
"(84, '17438')",['14'],1,['14'],1,[],[]
"(85, '17426')",['14'],1,['14'],1,[],[]
"(86, '16586')",['14'],1,['14'],1,[],[]
"(87, '17836')",['14'],1,['14'],1,[],[]
"(88, '20219')",['14'],1,['14'],1,[],[]
"(89, '21296')",['14'],1,['14'],1,[],[]
"(90, '20612')",['14' '16'],2,['14'],1,['16'],[]
"(91, '18085')",['13' '14' '17'],3,['13' '14' '17'],3,[],[]
"(92, '18818')",['14'],1,['14'],1,[],[]
"(93, '18490')",['06' '14'],2,['06' '14'],2,[],[]
"(94, '18888')",['06' '14'],2,['06' '14'],2,[],[]
"(95, '18663')",['14'],1,['14'],1,[],[]
"(96, '19674')",['04' '12' '14'],3,['14'],1,['04' '12'],[]
"(97, '17150')",['14'],1,['14'],1,[],[]
"(98, '18394')",['14'],1,['14'],1,[],[]
"(99, '15936')",['14'],1,['14'],1,[],[]
"(100, '14721')",['12' '14'],2,['12' '14'],2,[],[]
"(101, '17863')",['14'],1,['14'],1,[],[]
"(102, '21336')",['14' '17'],2,['14' '17'],2,[],[]
"(103, '21516')",['01' '13' '14' '17'],4,['13' '14' '17'],3,['01'],[]
"(104, '17647')",['12' '14'],2,['12' '14'],2,[],[]
"(105, '14216')",['12' '13' '14'],3,['12' '13' '14'],3,[],[]
"(106, '14951')",['01' '02' '14'],3,['14'],1,['01' '02'],[]
"(107, '16098')",['01' '02' '08' '13' '14'],5,['01' '02' '08' '13' '14'],5,[],[]
"(108, '18109')",['14'],1,['14'],1,[],[]
"(109, '20420')",['05' '10' '13' '14' '16'],5,['05' '10' '13' '14' '16'],5,[],[]
"(110, '17446')",['14'],1,['14'],1,[],[]
"(111, '19325')",['01' '02' '03' '04' '05' '06' '07' '08' '09' '10' '11' '12' '13' '14' '17'],15,['14'],1,['01' '02' '03' '04' '05' '06' '07' '08' '09' '10' '11' '12' '13' '17'],[]
"(112, '18328')",['01' '02' '04' '05' '07' '08' '09' '10' '12' '13' '14' '17'],12,['14'],1,['01' '02' '04' '05' '07' '08' '09' '10' '12' '13' '17'],[]
"(113, '21568')",['14'],1,['14'],1,[],[]
"(114, '21548')",['01' '05' '13' '14'],4,['01' '05' '13' '14'],4,[],[]
"(115, '19574')",['14'],1,['14'],1,[],[]
"(116, '20800')",['14'],1,['14'],1,[],[]
"(117, '18301')",['01' '02' '13' '14' '17'],5,['14'],1,['01' '02' '13' '17'],[]
"(118, '18088')",['14'],1,['14'],1,[],[]
"(119, '21432')",['04' '13' '14'],3,['04' '13' '14'],3,[],[]
"(120, '15203')",['09' '14'],2,['09' '14'],2,[],[]
"(121, '21696')",['12' '14'],2,['12' '14'],2,[],[]
"(122, '16450')",['14'],1,['14'],1,[],[]
"(123, '15003')",['13' '14'],2,['13' '14'],2,[],[]
"(124, '14927')",['14'],1,['14'],1,[],[]
"(125, '19208')",['05' '14'],2,['05' '14'],2,[],[]
"(126, '15877')",['02' '13' '14'],3,['13' '14'],2,['02'],[]
"(127, '16601')",['09' '14' '17'],3,['09' '14' '17'],3,[],[]
"(128, '16422')",['01' '02' '03' '05' '12' '13' '14' '15'],8,['14'],1,['01' '02' '03' '05' '12' '13' '15'],[]
"(129, '16066')",['14'],1,['14'],1,[],[]
"(130, '17632')",['14'],1,['14'],1,[],[]
"(131, '16902')",['14'],1,['14'],1,[],[]
"(132, '18334')",['14' '15'],2,['14' '15'],2,[],[]
"(133, '17641')",['12' '14'],2,['12' '14'],2,[],[]
"(134, '20844')",['06' '12' '14'],3,['14'],1,['06' '12'],[]
"(135, '19333')",['12' '14'],2,['14'],1,['12'],[]
"(136, '14672')",['11' '12' '14'],3,['12' '14'],2,['11'],[]
"(137, '17860')",['13' '14' '17'],3,['14'],1,['13' '17'],[]
"(138, '17926')",['14'],1,['14'],1,[],[]
"(139, '20676')",['14'],1,['14'],1,[],[]
"(140, '20708')",['14'],1,['14'],1,[],[]
"(141, '20616')",['14'],1,['14'],1,[],[]
"(142, '19298')",['14'],1,['14'],1,[],[]
"(143, '17394')",['14'],1,['14'],1,[],[]
"(144, '17342')",['14'],1,['14'],1,[],[]
"(145, '17294')",['14'],1,['14'],1,[],[]
"(146, '17218')",['14'],1,['14'],1,[],[]
"(147, '16286')",['04' '14'],2,['04' '14'],2,[],[]
"(148, '18516')",['01' '04' '13' '14'],4,['01' '04' '13' '14'],4,[],[]
"(149, '16238')",['05' '06' '14' '17'],4,['05' '06' '14' '17'],4,[],[]
"(150, '17743')",['12' '14' '17'],3,['14'],1,['12' '17'],[]
"(151, '20628')",['14'],1,['14'],1,[],[]
"(152, '15445')",['14'],1,['14'],1,[],[]
"(153, '16002')",['13' '14'],2,['14'],1,['13'],[]
"(154, '17830')",['14'],1,['14'],1,[],[]
"(155, '19349')",['14'],1,['14'],1,[],[]
"(156, '15566')",['14'],1,['14'],1,[],[]
"(157, '17980')",['14'],1,['14'],1,[],[]
"(158, '21726')",['03' '13' '14'],3,['03' '13' '14'],3,[],[]
"(159, '16510')",['07' '13' '14'],3,['07' '14'],2,['13'],[]
"(160, '16242')",['11' '14'],2,['11' '14'],2,[],[]
"(161, '21016')",['14'],1,['14'],1,[],[]
"(162, '15916')",['06' '07' '08' '12' '13' '14' '16' '17'],8,['06' '07' '08' '12' '13' '14' '16' '17'],8,[],[]
"(163, '18648')",['14'],1,['14'],1,[],[]
"(164, '16691')",['11' '14'],2,['14'],1,['11'],[]
"(165, '15374')",['12' '14' '15' '16' '17'],5,['14' '17'],2,['12' '15' '16'],[]
"(166, '19559')",['05' '13' '14'],3,['05' '13' '14'],3,[],[]
"(167, '15962')",['03' '05' '06' '08' '09' '11' '12' '14' '15' '17'],10,['03' '05' '06' '08' '09' '11' '12' '14' '15' '17'],10,[],[]
"(168, '15055')",['06' '11' '14'],3,['06' '11' '14'],3,[],[]
"(169, '21720')",['03' '04' '06' '07' '13' '14' '16' '17'],8,['03' '06' '07' '13' '14' '16' '17'],7,['04'],[]
"(170, '15998')",['14'],1,['14'],1,[],[]
"(171, '21652')",['14'],1,['14'],1,[],[]
"(172, '20364')",['14' '15'],2,['14' '15'],2,[],[]
"(173, '16846')",['06' '14'],2,['06' '14'],2,[],[]
"(174, '16906')",['14'],1,['14'],1,[],[]
"(175, '15913')",['13' '14'],2,['13' '14'],2,[],[]
"(176, '18358')",['14'],1,['14'],1,[],[]
"(177, '19048')",['04' '14'],2,['04' '14'],2,[],[]
"(178, '17911')",['02' '07' '09' '11' '13' '14' '16'],7,['02' '07' '09' '11' '13' '14' '16'],7,[],[]
"(179, '18286')",['14'],1,['14'],1,[],[]
"(180, '17929')",['01' '02' '14' '15' '17'],5,['01' '02' '14'],3,['15' '17'],[]
"(181, '15395')",['02' '05' '12' '14'],4,['02' '05' '12' '14'],4,[],[]
"(182, '19033')",['11' '14'],2,['11' '14'],2,[],[]
"(183, '15404')",['13' '14' '17'],3,['13' '14'],2,['17'],[]
"(184, '14381')",['09' '11' '13' '14'],4,['09' '11' '13' '14'],4,[],[]
"(185, '15434')",['14'],1,['14'],1,[],[]
"(186, '19369')",['01' '02' '06' '07' '12' '13' '14' '15'],8,['01' '02' '06' '07' '12' '13' '14' '15'],8,[],[]
"(187, '19714')",['01' '02' '03' '06' '11' '13' '14' '15' '16' '17'],10,['14'],1,['01' '02' '03' '06' '11' '13' '15' '16' '17'],[]
"(188, '17062')",['06' '11' '12' '14' '15' '17'],6,['06' '11' '12' '14' '15' '17'],6,[],[]
"(189, '18277')",['14'],1,['14'],1,[],[]
"(190, '18445')",['01' '02' '14' '16'],4,['01' '14'],2,['02' '16'],[]
"(191, '18046')",['06' '14'],2,['06' '14'],2,[],[]
"(192, '17166')",['02' '03' '10' '11' '12' '13' '14' '17'],8,['02' '03' '10' '11' '12' '13' '14' '17'],8,[],[]
"(193, '17198')",['14' '17'],2,['14'],1,['17'],[]
"(194, '21204')",['14'],1,['14'],1,[],[]
"(195, '21532')",['05' '06' '07' '08' '09' '11' '13' '14'],8,['14'],1,['05' '06' '07' '08' '09' '11' '13'],[]
"(196, '18768')",['06' '14'],2,['06' '14'],2,[],[]
"(197, '21676')",['14'],1,['14'],1,[],[]
"(198, '16974')",['12' '14'],2,['12' '14'],2,[],[]
"(199, '14528')",['07' '08' '09' '12' '13' '14' '17'],7,['07' '08' '09' '12' '13' '14' '17'],7,[],[]
"(200, '16724')",['12' '14'],2,['12' '14'],2,[],[]
"(201, '15143')",['01' '02' '05' '08' '09' '10' '12' '14' '16'],9,['01' '02' '05' '08' '09' '10' '12' '14' '16'],9,[],[]
"(202, '19609')",['01' '02' '04' '05' '08' '09' '10' '12' '13' '14'],10,['14'],1,['01' '02' '04' '05' '08' '09' '10' '12' '13'],[]
"(203, '17908')",['14'],1,['14'],1,[],[]
"(204, '17674')",['04' '05' '13' '14'],4,['04' '05' '13' '14'],4,[],[]
"(205, '15830')",['05' '13' '14'],3,['05' '13' '14'],3,[],[]
"(206, '17434')",['04' '05' '13' '14'],4,['04' '05' '13' '14'],4,[],[]
"(207, '17054')",['01' '03' '05' '08' '14'],5,['01' '03' '05' '08' '14'],5,[],[]
"(208, '14492')",['04' '14' '17'],3,['14'],1,['04' '17'],[]
"(209, '14439')",['04' '06' '12' '14' '17'],5,['04' '06' '12' '14' '17'],5,[],[]
"(210, '16994')",['14'],1,['14'],1,[],[]
"(211, '17896')",['13' '14'],2,['13' '14'],2,[],[]
"(212, '19479')",['04' '05' '08' '12' '13' '14' '15' '16'],8,['04' '05' '08' '12' '13' '14' '15' '16'],8,[],[]
"(213, '21428')",['01' '14' '17'],3,['01' '14'],2,['17'],[]
"(214, '21000')",['14'],1,['14'],1,[],[]
"(215, '21140')",['14'],1,['14'],1,[],[]
"(216, '20976')",['14'],1,['14'],1,[],[]
"(217, '20104')",['14'],1,['14'],1,[],[]
"(218, '14991')",['06' '14'],2,['06' '14'],2,[],[]
"(219, '19539')",['13' '14' '15'],3,['13' '14' '15'],3,[],[]
"(220, '16640')",['01' '02' '03' '05' '06' '08' '12' '13' '14' '15'],10,['14'],1,['01' '02' '03' '05' '06' '08' '12' '13' '15'],[]
"(221, '16646')",['01' '02' '03' '04' '05' '06' '08' '10' '11' '12' '13' '14' '15' '16' '17'],15,['14'],1,['01' '02' '03' '04' '05' '06' '08' '10' '11' '12' '13' '15' '16' '17'],[]
"(222, '19999')",['12' '14'],2,['12' '14'],2,[],[]
"(223, '19684')",['02' '06' '08' '14' '16'],5,['02' '06' '08' '14' '16'],5,[],[]
"(224, '20229')",['10' '12' '14'],3,['14'],1,['10' '12'],[]
"(225, '18543')",['02' '14'],2,['14'],1,['02'],[]
"(226, '18121')",['14' '15'],2,['14'],1,['15'],[]
"(227, '17178')",['12' '14'],2,['12' '14'],2,[],[]
"(228, '21460')",['14' '15'],2,['14' '15'],2,[],[]
"(229, '19954')",['06' '14' '15'],3,['06' '14' '15'],3,[],[]
"(230, '17872')",['01' '13' '14' '15' '17'],5,['14'],1,['01' '13' '15' '17'],[]
"(231, '16082')",['08' '14'],2,['08' '14'],2,[],[]
"(232, '16822')",['14'],1,['14'],1,[],[]
"(233, '14548')",['02' '14'],2,['14'],1,['02'],[]
"(234, '20964')",[],0,[],0,[],[]
"(235, '15725')",['14'],1,['14'],1,[],[]
"(236, '16430')",['02' '14'],2,['14'],1,['02'],[]
"(237, '18016')",['05' '14'],2,['14'],1,['05'],[]
"(238, '16610')",['02' '06' '13' '14' '16' '17'],6,['02' '06' '13' '14' '16' '17'],6,[],[]
"(239, '20836')",['14'],1,['14'],1,[],[]
"(240, '17779')",['14'],1,['14'],1,[],[]
"(241, '21116')",['14'],1,['14'],1,[],[]
"(242, '21108')",['14'],1,['14'],1,[],[]
"(243, '20672')",['14' '15' '17'],3,['14'],1,['15' '17'],[]
"(244, '21424')",['01' '02' '08' '13' '14'],5,['14'],1,['01' '02' '08' '13'],[]
"(245, '18376')",['14' '15'],2,['14'],1,['15'],[]
"(246, '17716')",['06' '14'],2,['06' '14'],2,[],[]
"(247, '17794')",['14'],1,['14'],1,[],[]
"(248, '18403')",['12' '13' '14' '17'],4,['14'],1,['12' '13' '17'],[]
"(249, '17773')",['02' '12' '14' '15' '16' '17'],6,['14'],1,['02' '12' '15' '16' '17'],[]
"(250, '15986')",['13' '14'],2,['13' '14'],2,[],[]
"(251, '21664')",['11' '13' '14'],3,['11' '14'],2,['13'],[]
"(252, '14423')",['02' '14'],2,['14'],1,['02'],[]
"(253, '19341')",['14'],1,['14'],1,[],[]
"(254, '16870')",['14'],1,['14'],1,[],[]
"(255, '16679')",['02' '08' '09' '14' '16' '17'],6,['14'],1,['02' '08' '09' '16' '17'],[]
"(256, '18918')",['14'],1,['14'],1,[],[]
"(257, '20460')",['14' '15'],2,['14' '15'],2,[],[]
"(258, '17270')",['14'],1,['14'],1,[],[]
"(259, '21008')",['14'],1,['14'],1,[],[]
"(260, '17977')",['14'],1,['14'],1,[],[]
"(261, '17362')",['14'],1,['14'],1,[],[]
"(262, '17374')",['14'],1,['14'],1,[],[]
"(263, '19519')",['10' '11' '13' '14'],4,['14'],1,['10' '11' '13'],[]
"(264, '17956')",['14'],1,['14'],1,[],[]
"(265, '17788')",['14'],1,['14'],1,[],[]
"(266, '18199')",['14'],1,['14'],1,[],[]
"(267, '17366')",['14'],1,['14'],1,[],[]
"(268, '18196')",['14'],1,['14'],1,[],[]
"(269, '17941')",['14'],1,['14'],1,[],[]
"(270, '17944')",['14'],1,['14'],1,[],[]
"(271, '17623')",['03' '06' '14'],3,['03' '06' '14'],3,[],[]
"(272, '18496')",['14'],1,['14'],1,[],[]
"(273, '21440')",['01' '13' '14' '17'],4,['01' '14'],2,['13' '17'],[]
"(274, '17668')",['14'],1,['14'],1,[],[]
"(275, '21822')",[],0,[],0,[],[]
"(276, '21795')",[],0,[],0,[],[]
"(277, '19729')",['14' '15'],2,['14' '15'],2,[],[]
"(278, '15139')",['11' '13' '14' '15'],4,['11' '13' '14' '15'],4,[],[]
"(279, '16418')",['14'],1,['14'],1,[],[]
"(280, '18361')",['07' '08' '09' '13' '14'],5,['14'],1,['07' '08' '09' '13'],[]
"(281, '21496')",['02' '06' '13' '14' '17'],5,['02' '06' '13' '14' '17'],5,[],[]
"(282, '21504')",['06' '11' '14' '16'],4,['06' '11' '14' '16'],4,[],[]
"(283, '20972')",[],0,[],0,[],[]
"(284, '20816')",['14'],1,['14'],1,[],[]
"(285, '17602')",['14'],1,['14'],1,[],[]
"(286, '14983')",['14'],1,['14'],1,[],[]
"(287, '21552')",['01' '08' '09' '10' '14' '16' '17'],7,['01' '08' '10' '14' '16' '17'],6,['09'],[]
"(288, '17854')",['14'],1,['14'],1,[],[]
"(289, '17378')",['14'],1,['14'],1,[],[]
"(290, '20508')",['12' '14' '15'],3,['12' '14' '15'],3,[],[]
"(291, '18878')",['14'],1,['14'],1,[],[]
"(292, '16814')",['07' '13' '14' '17'],4,['07' '13' '14' '17'],4,[],[]
"(293, '16970')",['12' '13' '14'],3,['12' '13' '14'],3,[],[]
"(294, '16598')",['14'],1,['14'],1,[],[]
"(295, '19929')",['01' '02' '03' '05' '08' '10' '12' '13' '14'],9,['14'],1,['01' '02' '03' '05' '08' '10' '12' '13'],[]
"(296, '14578')",['12' '14'],2,['12' '14'],2,[],[]
"(297, '16890')",['14' '17'],2,['14' '17'],2,[],[]
"(298, '16982')",['08' '14'],2,['14'],1,['08'],[]
"(299, '20544')",['09' '12' '14' '15' '17'],5,['12' '14'],2,['09' '15' '17'],[]
"(300, '17402')",['14'],1,['14'],1,[],[]
"(301, '17947')",['14'],1,['14'],1,[],[]
"(302, '21092')",['12' '14'],2,['12' '14'],2,[],[]
"(303, '20892')",['14'],1,['14'],1,[],[]
"(304, '20952')",['14'],1,['14'],1,[],[]
"(305, '20084')",['14'],1,['14'],1,[],[]
"(306, '20524')",['03' '12' '14' '15' '17'],5,['14'],1,['03' '12' '15' '17'],[]
"(307, '15614')",['03' '09' '14' '17'],4,['03' '09' '14' '17'],4,[],[]
"(308, '20492')",['14'],1,['14'],1,[],[]
"(309, '19138')",['14'],1,['14'],1,[],[]
"(310, '16034')",['14'],1,['14'],1,[],[]
"(311, '19158')",['14'],1,['14'],1,[],[]
"(312, '21372')",['02' '14' '16' '17'],4,['02' '14' '16' '17'],4,[],[]
"(313, '18373')",['14'],1,['14'],1,[],[]
"(314, '17923')",['14'],1,['14'],1,[],[]
"(315, '18175')",['14'],1,['14'],1,[],[]
"(316, '18256')",['14' '15'],2,['14'],1,['15'],[]
"(317, '15266')",['01' '08' '13' '14' '17'],5,['14'],1,['01' '08' '13' '17'],[]
"(318, '19834')",['14'],1,['14'],1,[],[]
"(319, '16898')",['14'],1,['14'],1,[],[]
"(320, '18391')",['14'],1,['14'],1,[],[]
"(321, '16978')",['14'],1,['14'],1,[],[]
"(322, '16442')",['13' '14' '17'],3,['13' '14' '17'],3,[],[]
"(323, '16854')",['02' '07' '13' '14' '17'],5,['02' '07' '13' '14' '17'],5,[],[]
"(324, '15924')",['14'],1,['14'],1,[],[]
"(325, '21456')",['14' '17'],2,['14' '17'],2,[],[]
"(326, '18493')",['01' '02' '08' '12' '13' '14' '15' '16' '17'],9,['14'],1,['01' '02' '08' '12' '13' '15' '16' '17'],[]
"(327, '19659')",['14'],1,['14'],1,[],[]
"(328, '19669')",['14'],1,['14'],1,[],[]
"(329, '15274')",['08' '13' '14' '17'],4,['14'],1,['08' '13' '17'],[]
"(330, '18475')",['14'],1,['14'],1,[],[]
"(331, '16649')",['14' '17'],2,['14' '17'],2,[],[]
"(332, '18148')",['12' '14'],2,['14'],1,['12'],[]
"(333, '18983')",['14'],1,['14'],1,[],[]
"(334, '19704')",['14'],1,['14'],1,[],[]
"(335, '19694')",['11' '12' '14'],3,['11' '12' '14'],3,[],[]
"(336, '19188')",['14'],1,['14'],1,[],[]
"(337, '20189')",['14'],1,['14'],1,[],[]
"(338, '19649')",['14'],1,['14'],1,[],[]
"(339, '18418')",['14'],1,['14'],1,[],[]
"(340, '17653')",['14'],1,['14'],1,[],[]
"(341, '19749')",['14'],1,['14'],1,[],[]
"(342, '17725')",['06' '14'],2,['06' '14'],2,[],[]
"(343, '18618')",['14'],1,['14'],1,[],[]
"(344, '14391')",['14'],1,['14'],1,[],[]
"(345, '17998')",['14'],1,['14'],1,[],[]
"(346, '15780')",['08' '13' '14' '15'],4,['08' '13' '14' '15'],4,[],[]
"(347, '19894')",['14'],1,['14'],1,[],[]
"(348, '15970')",['08' '14' '15'],3,['08' '14' '15'],3,[],[]
"(349, '20764')",['12' '14'],2,['12' '14'],2,[],[]
"(350, '14488')",['13' '14'],2,['13' '14'],2,[],[]
"(351, '12930')",['04' '07' '08' '09' '12' '13' '14' '16' '17'],9,['14'],1,['04' '07' '08' '09' '12' '13' '16' '17'],[]
"(352, '15386')",['02' '05' '06' '12' '14'],5,['02' '05' '06' '12' '14'],5,[],[]
"(353, '21576')",['04' '13' '14'],3,['04' '13' '14'],3,[],[]
"(354, '14047')","['01' '02' '03' '04' '05' '06' '07' '08' '09' '10' '11' '12' '13' '14' '15'
 '16' '17']",17,"['01' '02' '03' '04' '05' '06' '07' '08' '09' '10' '11' '12' '13' '14' '15'
 '16' '17']",17,[],[]
"(355, '18433')",['14'],1,['14'],1,[],[]
"(356, '18052')",['08' '14' '15'],3,['08' '14' '15'],3,[],[]
"(357, '16154')",['14'],1,['14'],1,[],[]
"(358, '21648')",['01' '02' '14' '15' '17'],5,['14' '15'],2,['01' '02' '17'],[]
"(359, '20568')",['14'],1,['14'],1,[],[]
"(360, '21088')",['14'],1,['14'],1,[],[]
"(361, '19764')",['14'],1,['14'],1,[],[]
"(362, '18454')",['14'],1,['14'],1,[],[]
"(363, '17310')",['14'],1,['14'],1,[],[]
"(364, '17713')",['14'],1,['14'],1,[],[]
"(365, '17074')",['06' '14'],2,['06' '14'],2,[],[]
"(366, '16622')",['13' '14'],2,['13' '14'],2,[],[]
"(367, '21480')","['01' '02' '03' '04' '05' '06' '07' '08' '09' '10' '11' '12' '13' '14' '15'
 '16' '17']",17,['14'],1,"['01' '02' '03' '04' '05' '06' '07' '08' '09' '10' '11' '12' '13' '15' '16'
 '17']",[]
"(368, '19243')",['14'],1,['14'],1,[],[]
"(369, '21148')",['04' '13' '14' '15'],4,['04' '13' '14' '15'],4,[],[]
"(370, '16174')",['14' '17'],2,['14' '17'],2,[],[]
"(371, '15796')",['14'],1,['14'],1,[],[]
"(372, '19464')",['12' '14'],2,['12' '14'],2,[],[]
"(373, '21272')",['08' '12' '14' '17'],4,['14'],1,['08' '12' '17'],[]
"(374, '17022')",['14'],1,['14'],1,[],[]
"(375, '19799')",['14'],1,['14'],1,[],[]
"(376, '15862')",['14'],1,['14'],1,[],[]
"(377, '13952')",['01' '05' '06' '07' '08' '13' '14' '15' '16' '17'],10,['01' '05' '06' '07' '08' '13' '14' '15' '16' '17'],10,[],[]
"(378, '19524')",['02' '14' '17'],3,['14' '17'],2,['02'],[]
"(379, '20089')",['14' '17'],2,['14' '17'],2,[],[]
"(380, '17869')",['01' '13' '14' '17'],4,['14'],1,['01' '13' '17'],[]
"(381, '20199')",['14'],1,['14'],1,[],[]
"(382, '15647')",['02' '05' '06' '14'],4,['02' '05' '06' '14'],4,[],[]
"(383, '19824')",['14'],1,['14'],1,[],[]
"(384, '20179')",['06' '12' '14' '15'],4,['14' '15'],2,['06' '12'],[]
"(385, '18448')",['12' '14'],2,['12' '14'],2,[],[]
"(386, '17470')",['13' '14'],2,['14'],1,['13'],[]
"(387, '17554')",['14' '17'],2,['14' '17'],2,[],[]
"(388, '17776')",['14'],1,['14'],1,[],[]
"(389, '16542')",['14' '17'],2,['14' '17'],2,[],[]
"(390, '18442')",['14'],1,['14'],1,[],[]
"(391, '19043')",['14'],1,['14'],1,[],[]
"(392, '17740')",['13' '14'],2,['13' '14'],2,[],[]
"(393, '17538')",['12' '14' '15'],3,['14'],1,['12' '15'],[]
"(394, '16498')",['12' '14'],2,['12' '14'],2,[],[]
"(395, '15467')",['14'],1,['14'],1,[],[]
"(396, '14909')",['12' '14' '17'],3,['12' '14'],2,['17'],[]
"(397, '18307')",['14'],1,['14'],1,[],[]
"(398, '16310')",['13' '14'],2,['14'],1,['13'],[]
"(399, '19499')",['14'],1,['14'],1,[],[]
"(400, '18397')",['14'],1,['14'],1,[],[]
"(401, '14932')",['14'],1,['14'],1,[],[]
"(402, '16712')",['01' '14' '16'],3,['01' '14' '16'],3,[],[]
"(403, '18271')",['14'],1,['14'],1,[],[]
"(404, '16910')",['14'],1,['14'],1,[],[]
"(405, '20636')",['14'],1,['14'],1,[],[]
"(406, '17884')",['14'],1,['14'],1,[],[]
"(407, '17656')",['14'],1,['14'],1,[],[]
"(408, '21472')",['14'],1,['14'],1,[],[]
"(409, '17650')",['14'],1,['14'],1,[],[]
"(410, '18247')",['14'],1,['14'],1,[],[]
"(411, '17570')",['14'],1,['14'],1,[],[]
"(412, '18223')",['14'],1,['14'],1,[],[]
"(413, '17574')",['14'],1,['14'],1,[],[]
"(414, '18259')",['01' '02' '13' '14'],4,['01' '02' '13' '14'],4,[],[]
"(415, '16406')",['04' '05' '08' '12' '13' '14' '17'],7,['04' '05' '08' '12' '13' '14' '17'],7,[],[]
"(416, '17881')",['02' '13' '14' '17'],4,['13' '14' '17'],3,['02'],[]
"(417, '15453')",['01' '02' '14'],3,['14'],1,['01' '02'],[]
"(418, '16134')",['14' '15'],2,['14'],1,['15'],[]
"(419, '21356')",['02' '06' '13' '14' '15' '16'],6,['02' '06' '13' '14' '15' '16'],6,[],[]
"(420, '21616')",['01' '02' '08' '13' '14'],5,['13' '14'],2,['01' '02' '08'],[]
"(421, '19549')",['14'],1,['14'],1,[],[]
"(422, '19544')",['06' '12' '13' '14' '15'],5,['14'],1,['06' '12' '13' '15'],[]
"(423, '19629')",['14'],1,['14'],1,[],[]
"(424, '21032')",['14'],1,['14'],1,[],[]
"(425, '18349')",['14'],1,['14'],1,[],[]
"(426, '17938')",['14'],1,['14'],1,[],[]
"(427, '16550')",['12' '13' '14'],3,['14'],1,['12' '13'],[]
"(428, '15806')",['14'],1,['14'],1,[],[]
"(429, '18668')",['14' '15'],2,['14'],1,['15'],[]
"(430, '18643')",['14'],1,['14'],1,[],[]
"(431, '20624')",['14'],1,['14'],1,[],[]
"(432, '20620')",['14'],1,['14'],1,[],[]
"(433, '20852')",['14'],1,['14'],1,[],[]
"(434, '18169')",['14'],1,['14'],1,[],[]
"(435, '18100')",['03' '06' '11' '12' '14'],5,['14'],1,['03' '06' '11' '12'],[]
"(436, '19904')",['02' '03' '05' '06' '08' '10' '12' '13' '14' '15'],10,['14'],1,['02' '03' '05' '06' '08' '10' '12' '13' '15'],[]
"(437, '21136')",['14' '15'],2,['14' '15'],2,[],[]
"(438, '18379')",['14'],1,['14'],1,[],[]
"(439, '18028')",['05' '14'],2,['14'],1,['05'],[]
"(440, '17692')",['13' '14'],2,['13' '14'],2,[],[]
"(441, '15043')",['01' '13' '14' '17'],4,['14'],1,['01' '13' '17'],[]
"(442, '18933')",['14'],1,['14'],1,[],[]
"(443, '18202')",['13' '14'],2,['13' '14'],2,[],[]
"(444, '15135')",['01' '02' '13' '14'],4,['13' '14'],2,['01' '02'],[]
"(445, '20476')",['14'],1,['14'],1,[],[]
"(446, '16526')",['12' '14'],2,['12' '14'],2,[],[]
"(447, '16490')",['14'],1,['14'],1,[],[]
"(448, '16676')",['01' '02' '08' '12' '14'],5,['14'],1,['01' '02' '08' '12'],[]
"(449, '16682')",['14' '17'],2,['14'],1,['17'],[]
"(450, '18070')",['14'],1,['14'],1,[],[]
"(451, '19769')",['01' '02' '05' '06' '10' '11' '12' '14' '15' '17'],10,['01' '02' '05' '06' '10' '11' '12' '14' '15' '17'],10,[],[]
"(452, '17098')",['12' '14'],2,['12' '14'],2,[],[]
"(453, '15587')",['01' '02' '14' '16' '17'],5,['14'],1,['01' '02' '16' '17'],[]
"(454, '19869')",['14'],1,['14'],1,[],[]
"(455, '19989')",['14' '16' '17'],3,['14'],1,['16' '17'],[]
"(456, '17875')",['14'],1,['14'],1,[],[]
"(457, '18703')",['14' '15'],2,['14'],1,['15'],[]
"(458, '20512')",['02' '04' '08' '13' '14'],5,['02' '04' '08' '13' '14'],5,[],[]
"(459, '15123')",['01' '02' '05' '13' '14' '17'],6,['01' '02' '05' '13' '14' '17'],6,[],[]
"(460, '18499')",['12' '14'],2,['12' '14'],2,[],[]
"(461, '21268')",['14'],1,['14'],1,[],[]
"(462, '20379')",['14'],1,['14'],1,[],[]
"(463, '18683')",['14'],1,['14'],1,[],[]
"(464, '18430')",['12' '14'],2,['12' '14'],2,[],[]
"(465, '16718')",['14' '17'],2,['14' '17'],2,[],[]
"(466, '19849')",['02' '06' '07' '10' '11' '13' '14' '15'],8,['14'],1,['02' '06' '07' '10' '11' '13' '15'],[]
"(467, '14435')",['01' '02' '05' '14'],4,['01' '02' '05' '14'],4,[],[]
"(468, '21036')",['14'],1,['14'],1,[],[]
"(469, '19614')",['01' '02' '03' '05' '08' '12' '13' '14'],8,['14'],1,['01' '02' '03' '05' '08' '12' '13'],[]
"(470, '20756')",['14'],1,['14'],1,[],[]
"(471, '16637')",['01' '03' '04' '05' '08' '11' '12' '14' '15' '17'],10,['14'],1,['01' '03' '04' '05' '08' '11' '12' '15' '17'],[]
"(472, '18798')",['03' '04' '06' '13' '14'],5,['14'],1,['03' '04' '06' '13'],[]
"(473, '17534')",['01' '13' '14' '15'],4,['14'],1,['01' '13' '15'],[]
"(474, '17018')",['09' '12' '14' '17'],4,['14'],1,['09' '12' '17'],[]
"(475, '16374')",['08' '09' '10' '14' '17'],5,['08' '09' '10' '14' '17'],5,[],[]
"(476, '16304')",['14'],1,['14'],1,[],[]
"(477, '15686')",['03' '08' '12' '14' '15'],5,['03' '08' '12' '14'],4,['15'],[]
"(478, '17202')",['14'],1,['14'],1,[],[]
"(479, '15692')",['02' '03' '11' '13' '14'],5,['02' '03' '13' '14'],4,['11'],[]
"(480, '18693')",['13' '14' '15'],3,['14'],1,['13' '15'],[]
"(481, '16138')",['14'],1,['14'],1,[],[]
"(482, '17034')",['14'],1,['14'],1,[],[]
"(483, '14795')","['01' '02' '03' '04' '05' '06' '07' '08' '09' '10' '11' '12' '13' '14' '15'
 '16' '17']",17,['14'],1,"['01' '02' '03' '04' '05' '06' '07' '08' '09' '10' '11' '12' '13' '15' '16'
 '17']",[]
"(484, '18778')",['02' '08' '12' '14'],4,['14'],1,['02' '08' '12'],[]
"(485, '19183')",['14'],1,['14'],1,[],[]
"(486, '21040')",['14'],1,['14'],1,[],[]
"(487, '17430')",['01' '08' '13' '14'],4,['14'],1,['01' '08' '13'],[]
"(488, '14894')",['02' '05' '13' '14'],4,['02' '05' '13' '14'],4,[],[]
"(489, '21668')",['01' '02' '03' '04' '05' '06' '07' '08' '09' '11' '12' '13' '14' '16' '17'],15,['01' '02' '03' '04' '05' '06' '07' '09' '11' '12' '13' '14' '16' '17'],14,['08'],[]
"(490, '15665')",['12' '14'],2,['12' '14'],2,[],[]
"(491, '14638')",['06' '12' '14'],3,['06' '12' '14'],3,[],[]
"(492, '14306')",['14'],1,['14'],1,[],[]
"(493, '14282')",['12' '14' '17'],3,['12' '14' '17'],3,[],[]
"(494, '20149')",['01' '02' '03' '06' '07' '08' '12' '13' '14' '15'],10,['01' '02' '03' '06' '07' '08' '12' '13' '14' '15'],10,[],[]
"(495, '15365')",['14'],1,['14'],1,[],[]
"(496, '15605')",['07' '13' '14' '17'],4,['13' '14' '17'],3,['07'],[]
"(497, '15683')",['14'],1,['14'],1,[],[]
"(498, '15767')",['13' '14' '17'],3,['13' '14' '17'],3,[],[]
"(499, '15095')",['13' '14'],2,['13' '14'],2,[],[]
"(500, '16162')",['05' '09' '14' '17'],4,['09' '14' '17'],3,['05'],[]
"(501, '15250')",['02' '06' '12' '14'],4,['02' '06' '12' '14'],4,[],[]
"(502, '17114')",['12' '14'],2,['12' '14'],2,[],[]
"(503, '18157')",['14'],1,['14'],1,[],[]
"(504, '17466')",['13' '14'],2,['14'],1,['13'],[]
"(505, '15482')",['12' '14'],2,['12' '14'],2,[],[]
"(506, '16414')",['12' '14'],2,['14'],1,['12'],[]
"(507, '14183')",['01' '03' '06' '11' '14'],5,['01' '03' '06' '11' '14'],5,[],[]
"(508, '19331')",['10' '12' '14'],3,['12' '14'],2,['10'],[]
"(509, '17731')",['06' '14'],2,['06' '14'],2,[],[]
"(510, '17590')",['14' '15' '17'],3,['14' '15' '17'],3,[],[]
"(511, '19253')",['09' '14'],2,['09' '14'],2,[],[]
"(512, '20944')",['14'],1,['14'],1,[],[]
"(513, '21791')",[],0,[],0,[],[]
"(514, '15707')",['14'],1,['14'],1,[],[]
"(515, '18193')",['14'],1,['14'],1,[],[]
"(516, '18097')",['14'],1,['14'],1,[],[]
"(517, '14540')","['01' '02' '03' '04' '05' '06' '07' '08' '09' '10' '11' '12' '13' '14' '15'
 '16' '17']",17,"['01' '02' '03' '04' '05' '06' '07' '08' '09' '10' '11' '12' '13' '14' '15'
 '16' '17']",17,[],[]
"(518, '21837')",[],0,[],0,[],[]
"(519, '21592')",['01' '02' '08' '12' '14' '16'],6,['01' '02' '08' '12' '14' '16'],6,[],[]
"(520, '15497')",['08' '13' '14' '15' '17'],5,['14'],1,['08' '13' '15' '17'],[]
"(521, '19444')",['14'],1,['14'],1,[],[]
"(522, '19392')",['14'],1,['14'],1,[],[]
"(523, '21596')",['14'],1,['14'],1,[],[]
"(524, '21711')",['04' '14' '16'],3,['04' '14' '16'],3,[],[]
"(525, '18139')",['08' '14' '16' '17'],4,['08' '14' '16'],3,['17'],[]
"(526, '17154')",['09' '12' '13' '14' '17'],5,['14'],1,['09' '12' '13' '17'],[]
"(527, '14395')",['14'],1,['14'],1,[],[]
"(528, '18118')",['06' '12' '14'],3,['06' '12' '14'],3,[],[]
"(529, '15079')",['14'],1,['14'],1,[],[]
"(530, '16721')",['12' '14'],2,['12' '14'],2,[],[]
"(531, '15932')",['14'],1,['14'],1,[],[]
"(532, '14452')",['02' '14'],2,['02' '14'],2,[],[]
"(533, '18382')",['14'],1,['14'],1,[],[]
"(534, '20772')",['14'],1,['14'],1,[],[]
"(535, '17586')",['13' '14'],2,['13' '14'],2,[],[]
"(536, '15447')",['14'],1,['14'],1,[],[]
"(537, '19504')",['01' '02' '03' '05' '06' '08' '10' '11' '14'],9,['14'],1,['01' '02' '03' '05' '06' '08' '10' '11'],[]
"(538, '16190')",['14' '17'],2,['14' '17'],2,[],[]
"(539, '17665')",['14'],1,['14'],1,[],[]
"(540, '17689')",['14'],1,['14'],1,[],[]
"(541, '21380')",['14'],1,['14'],1,[],[]
"(542, '20920')",['14'],1,['14'],1,[],[]
"(543, '20520')",['06' '14'],2,['06' '14'],2,[],[]
"(544, '19664')",['01' '02' '05' '08' '10' '12' '13' '14'],8,['14'],1,['01' '02' '05' '08' '10' '12' '13'],[]
"(545, '20880')",['12' '14'],2,['12' '14'],2,[],[]
"(546, '20540')",['14'],1,['14'],1,[],[]
"(547, '20904')",['14'],1,['14'],1,[],[]
"(548, '20812')",['14'],1,['14'],1,[],[]
"(549, '20936')",['14'],1,['14'],1,[],[]
"(550, '20740')",['14'],1,['14'],1,[],[]
"(551, '16628')",['02' '14' '16'],3,['02' '14' '16'],3,[],[]
"(552, '18184')",['14'],1,['14'],1,[],[]
"(553, '17914')",['14'],1,['14'],1,[],[]
"(554, '19148')",['02' '12' '14'],3,['14'],1,['02' '12'],[]
"(555, '17390')",['14'],1,['14'],1,[],[]
"(556, '19128')",['14' '15'],2,['14'],1,['15'],[]
"(557, '19123')",['14' '15'],2,['14'],1,['15'],[]
"(558, '19118')",['14' '15'],2,['14'],1,['15'],[]
"(559, '20808')",['14'],1,['14'],1,[],[]
"(560, '19133')",['14' '15'],2,['14'],1,['15'],[]
"(561, '18187')",['14'],1,['14'],1,[],[]
"(562, '17800')",['14'],1,['14'],1,[],[]
"(563, '18893')",['14'],1,['14'],1,[],[]
"(564, '18743')",['14'],1,['14'],1,[],[]
"(565, '18367')",['14'],1,['14'],1,[],[]
"(566, '21404')",['08' '12' '14'],3,['08' '12' '14'],3,[],[]
"(567, '19038')",['14'],1,['14'],1,[],[]
"(568, '16102')",['01' '02' '11' '12' '13' '14' '17'],7,['14'],1,['01' '02' '11' '12' '13' '17'],[]
"(569, '15907')",['06' '11' '12' '13' '14' '17'],6,['06' '11' '12' '13' '14' '17'],6,[],[]
"(570, '15560')",['14'],1,['14'],1,[],[]
"(571, '19679')",['14'],1,['14'],1,[],[]
"(572, '21508')",['14'],1,['14'],1,[],[]
"(573, '16685')",['01' '02' '08' '09' '12' '14' '17'],7,['14'],1,['01' '02' '08' '09' '12' '17'],[]
"(574, '19839')",['06' '11' '12' '14' '16' '17'],6,['14'],1,['06' '11' '12' '16' '17'],[]
"(575, '19914')",['01' '02' '05' '06' '08' '09' '11' '12' '13' '14' '17'],11,['14'],1,['01' '02' '05' '06' '08' '09' '11' '12' '13' '17'],[]
"(576, '14373')",['08' '13' '14' '17'],4,['08' '13' '14' '17'],4,[],[]
"(577, '14568')",['13' '14'],2,['13' '14'],2,[],[]
"(578, '15147')",['01' '02' '13' '14' '15'],5,['02' '13' '14' '15'],4,['01'],[]
"(579, '21580')",['14'],1,['14'],1,[],[]
"(580, '15638')",['14'],1,['14'],1,[],[]
"(581, '14594')",['02' '08' '12' '13' '14' '17'],6,['14'],1,['02' '08' '12' '13' '17'],[]
"(582, '15763')",['03' '04' '12' '13' '14' '15' '17'],7,['03' '04' '12' '13' '14' '15' '17'],7,[],[]
"(583, '17902')",['08' '14'],2,['08' '14'],2,[],[]
"(584, '18160')",['14'],1,['14'],1,[],[]
"(585, '17138')",['14'],1,['14'],1,[],[]
"(586, '17728')",['06' '14'],2,['06' '14'],2,[],[]
"(587, '17510')",['01' '02' '08' '12' '13' '14'],6,['14'],1,['01' '02' '08' '12' '13'],[]
"(588, '17818')",['14'],1,['14'],1,[],[]
"(589, '17683')",['06' '14'],2,['06' '14'],2,[],[]
"(590, '17686')",['06' '14'],2,['06' '14'],2,[],[]
"(591, '17707')",['06' '14'],2,['06' '14'],2,[],[]
"(592, '14819')",['01' '02' '03' '12' '13' '14' '17'],7,['01' '02' '03' '12' '13' '14' '17'],7,[],[]
"(593, '20314')",['14' '17'],2,['14' '17'],2,[],[]
"(594, '21260')",['14'],1,['14'],1,[],[]
"(595, '18058')",['14'],1,['14'],1,[],[]
"(596, '15689')",['14'],1,['14'],1,[],[]
"(597, '17746')",['14'],1,['14'],1,[],[]
"(598, '14240')",['04' '11' '14'],3,['04' '11' '14'],3,[],[]
"(599, '17677')",['14'],1,['14'],1,[],[]
"(600, '18457')",['04' '14'],2,['04' '14'],2,[],[]
"(601, '20114')",['14'],1,['14'],1,[],[]
"(602, '16930')",['14'],1,['14'],1,[],[]
"(603, '21360')",['13' '14'],2,['13' '14'],2,[],[]
"(604, '14879')",['12' '14'],2,['12' '14'],2,[],[]
"(605, '17318')",['14'],1,['14'],1,[],[]
"(606, '21688')",['13' '14'],2,['13' '14'],2,[],[]
"(607, '17546')",['01' '02' '03' '04' '05' '10' '13' '14' '16' '17'],10,['14'],1,['01' '02' '03' '04' '05' '10' '13' '16' '17'],[]
"(608, '16914')",['13' '14' '17'],3,['13' '14'],2,['17'],[]
"(609, '18385')",['01' '02' '08' '12' '14'],5,['01' '02' '12' '14'],4,['08'],[]
"(610, '17614')",['14'],1,['14'],1,[],[]
"(611, '18151')",['12' '14'],2,['14'],1,['12'],[]
"(612, '20720')",['12' '14'],2,['12' '14'],2,[],[]
"(613, '14387')",['14'],1,['14'],1,[],[]
"(614, '15127')",['08' '14' '16'],3,['08' '14' '16'],3,[],[]
"(615, '14399')",['14'],1,['14'],1,[],[]
"(616, '15115')",['14'],1,['14'],1,[],[]
"(617, '19058')",['11' '14'],2,['11' '14'],2,[],[]
"(618, '19509')",['14'],1,['14'],1,[],[]
"(619, '16534')",['14'],1,['14'],1,[],[]
"(620, '16030')",['02' '09' '12' '14' '17'],5,['14'],1,['02' '09' '12' '17'],[]
"(621, '16482')",['03' '06' '11' '12' '14'],5,['14'],1,['03' '06' '11' '12'],[]
"(622, '20872')",['14'],1,['14'],1,[],[]
"(623, '20572')",['14'],1,['14'],1,[],[]
"(624, '16595')",['01' '02' '05' '06' '08' '12' '13' '14' '15' '17'],10,['01' '02' '05' '06' '08' '12' '13' '14' '15' '17'],10,[],[]
"(625, '16090')",['14'],1,['14'],1,[],[]
"(626, '18793')",['14'],1,['14'],1,[],[]
"(627, '19984')",['02' '03' '05' '06' '08' '10' '12' '13' '14' '15'],10,['14'],1,['02' '03' '05' '06' '08' '10' '12' '13' '15'],[]
"(628, '14564')",['13' '14'],2,['13' '14'],2,[],[]
"(629, '19754')",['10' '12' '14' '17'],4,['10' '12' '14'],3,['17'],[]
"(630, '21364')",['01' '02' '03' '04' '05' '06' '07' '08' '09' '12' '13' '14' '15' '16' '17'],15,['14'],1,['01' '02' '03' '04' '05' '06' '07' '08' '09' '12' '13' '15' '16' '17'],[]
"(631, '16158')",['14'],1,['14'],1,[],[]
"(632, '15063')",['14'],1,['14'],1,[],[]
"(633, '18628')",['01' '02' '04' '08' '09' '10' '12' '13' '14' '17'],10,['14'],1,['01' '02' '04' '08' '09' '10' '12' '13' '17'],[]
"(634, '15527')",['09' '14' '17'],3,['09' '14' '17'],3,[],[]
"(635, '18190')",['04' '12' '14'],3,['14'],1,['04' '12'],[]
"(636, '20436')",['04' '12' '13' '14' '15' '17'],6,['04' '12' '13' '14' '17'],5,['15'],[]
"(637, '20780')",['04' '08' '14'],3,['04' '08' '14'],3,[],[]
"(638, '18076')",['01' '04' '05' '06' '08' '10' '11' '12' '13' '14' '15' '16' '17'],13,['01' '04' '05' '06' '08' '10' '11' '12' '13' '14' '15' '16' '17'],13,[],[]
"(639, '21224')",['14'],1,['14'],1,[],[]
"(640, '19288')",['03' '06' '12' '13' '14'],5,['03' '06' '12' '13' '14'],5,[],[]
"(641, '16565')",['12' '14'],2,['14'],1,['12'],[]
"(642, '19994')",['03' '09' '11' '12' '14'],5,['14'],1,['03' '09' '11' '12'],[]
"(643, '17698')",['06' '14'],2,['06' '14'],2,[],[]
"(644, '20079')",['14'],1,['14'],1,[],[]
"(645, '19709')",['14'],1,['14'],1,[],[]
"(646, '20069')",['14'],1,['14'],1,[],[]
"(647, '16110')",['01' '08' '09' '12' '13' '14' '17'],7,['14'],1,['01' '08' '09' '12' '13' '17'],[]
"(648, '18220')",['03' '08' '09' '14' '17'],5,['14'],1,['03' '08' '09' '17'],[]
"(649, '18226')",['01' '02' '03' '05' '08' '09' '14' '17'],8,['14'],1,['01' '02' '03' '05' '08' '09' '17'],[]
"(650, '16070')",['01' '02' '03' '05' '08' '12' '13' '14' '16' '17'],10,['14'],1,['01' '02' '03' '05' '08' '12' '13' '16' '17'],[]
"(651, '17983')",['14'],1,['14'],1,[],[]
"(652, '17962')",['14'],1,['14'],1,[],[]
"(653, '18337')",['01' '14' '17'],3,['01' '14' '17'],3,[],[]
"(654, '15346')",['05' '06' '07' '08' '09' '11' '12' '13' '14' '15' '16' '17'],12,['05' '06' '07' '08' '09' '11' '12' '13' '14' '15' '16' '17'],12,[],[]
"(655, '20684')",['14'],1,['14'],1,[],[]
"(656, '15107')",['03' '04' '11' '12' '13' '14'],6,['03' '04' '11' '12' '13' '14'],6,[],[]
"(657, '20692')",['03' '05' '12' '13' '14' '15' '17'],7,['03' '05' '12' '13' '14' '15' '17'],7,[],[]
"(658, '16042')",['14'],1,['14'],1,[],[]
"(659, '20680')",['14' '15'],2,['14' '15'],2,[],[]
"(660, '19554')",['02' '12' '14'],3,['14'],1,['02' '12'],[]
"(661, '16878')",['14'],1,['14'],1,[],[]
"(662, '17995')",['14'],1,['14'],1,[],[]
"(663, '15087')",['01' '02' '14'],3,['01' '02' '14'],3,[],[]
"(664, '18883')",['14'],1,['14'],1,[],[]
"(665, '16874')",['14'],1,['14'],1,[],[]
"(666, '18853')",['03' '04' '14'],3,['14'],1,['03' '04'],[]
"(667, '17526')",['13' '14' '17'],3,['14'],1,['13' '17'],[]
"(668, '14937')",['14'],1,['14'],1,[],[]
"(669, '17752')",['06' '14' '15'],3,['14'],1,['06' '15'],[]
"(670, '19088')",['01' '02' '03' '14' '15' '17'],6,['01' '02' '14' '15' '17'],5,['03'],[]
"(671, '17414')",['14'],1,['14'],1,[],[]
"(672, '18316')",['14'],1,['14'],1,[],[]
"(673, '17791')",['14'],1,['14'],1,[],[]
"(674, '17382')",['14'],1,['14'],1,[],[]
"(675, '17358')",['14'],1,['14'],1,[],[]
"(676, '16010')",['11' '13' '14' '17'],4,['14'],1,['11' '13' '17'],[]
"(677, '14975')",['14'],1,['14'],1,[],[]
"(678, '21400')","['01' '02' '03' '04' '05' '06' '07' '08' '09' '10' '11' '12' '13' '14' '15'
 '16' '17']",17,['14'],1,"['01' '02' '03' '04' '05' '06' '07' '08' '09' '10' '11' '12' '13' '15' '16'
 '17']",[]
"(679, '20576')",['14'],1,['14'],1,[],[]
"(680, '20876')",['12' '14'],2,['12' '14'],2,[],[]
"(681, '20234')",['14'],1,['14'],1,[],[]
"(682, '17785')",['14' '15'],2,['14' '15'],2,[],[]
"(683, '15083')",['05' '13' '14'],3,['05' '13' '14'],3,[],[]
"(684, '21588')",['08' '09' '10' '12' '14'],5,['08' '09' '10' '12' '14'],5,[],[]
"(685, '21608')",['08' '09' '10' '12' '14'],5,['08' '09' '10' '12' '14'],5,[],[]
"(686, '21624')",['08' '09' '10' '12' '14'],5,['08' '09' '10' '12' '14'],5,[],[]
"(687, '17522')",['14'],1,['14'],1,[],[]
"(688, '18578')",['14'],1,['14'],1,[],[]
"(689, '16398')",['11' '14'],2,['11' '14'],2,[],[]
"(690, '16926')",['14'],1,['14'],1,[],[]
"(691, '19263')",['14'],1,['14'],1,[],[]
"(692, '19198')",['14'],1,['14'],1,[],[]
"(693, '19193')",['14'],1,['14'],1,[],[]
"(694, '20094')",['14'],1,['14'],1,[],[]
"(695, '20209')",['01' '14'],2,['01' '14'],2,[],[]
"(696, '20760')",['14'],1,['14'],1,[],[]
"(697, '17917')",['14'],1,['14'],1,[],[]
"(698, '18843')",['14'],1,['14'],1,[],[]
"(699, '15392')",['08' '12' '14'],3,['08' '12' '14'],3,[],[]
"(700, '17194')",['14'],1,['14'],1,[],[]
"(701, '20560')",['01' '02' '03' '04' '05' '10' '12' '14' '15' '17'],10,['14'],1,['01' '02' '03' '04' '05' '10' '12' '15' '17'],[]
"(702, '16494')",['14' '17'],2,['14' '17'],2,[],[]
"(703, '15701')",['14'],1,['14'],1,[],[]
"(704, '18623')",['04' '05' '14' '17'],4,['04' '05' '14' '17'],4,[],[]
"(705, '18025')",['14'],1,['14'],1,[],[]
"(706, '18913')",['13' '14'],2,['14'],1,['13'],[]
"(707, '18978')",['14'],1,['14'],1,[],[]
"(708, '17026')",['14'],1,['14'],1,[],[]
"(709, '16078')",['14'],1,['14'],1,[],[]
"(710, '18988')",['14'],1,['14'],1,[],[]
"(711, '20968')",['14'],1,['14'],1,[],[]
"(712, '20334')",['04' '05' '14'],3,['14'],1,['04' '05'],[]
"(713, '17558')",['14'],1,['14'],1,[],[]
"(714, '20932')",['14'],1,['14'],1,[],[]
"(715, '18007')",['14'],1,['14'],1,[],[]
"(716, '17562')",['14'],1,['14'],1,[],[]
"(717, '18848')",['14'],1,['14'],1,[],[]
"(718, '19323')",['14' '15'],2,['14' '15'],2,[],[]
"(719, '16038')",['14'],1,['14'],1,[],[]
"(720, '18295')",['14'],1,['14'],1,[],[]
"(721, '16998')",['12' '14'],2,['12' '14'],2,[],[]
"(722, '16354')",['14'],1,['14'],1,[],[]
"(723, '21584')",['14'],1,['14'],1,[],[]
"(724, '20472')",['14'],1,['14'],1,[],[]
"(725, '19624')",['14'],1,['14'],1,[],[]
"(726, '18653')",['14'],1,['14'],1,[],[]
"(727, '17082')",['14'],1,['14'],1,[],[]
"(728, '20452')",['08' '11' '14' '17'],4,['08' '14' '17'],3,['11'],[]
"(729, '17626')",['14'],1,['14'],1,[],[]
"(730, '20299')",['14' '17'],2,['14' '17'],2,[],[]
"(731, '19335')",['14' '17'],2,['14'],1,['17'],[]
"(732, '17968')",['14'],1,['14'],1,[],[]
"(733, '19469')",['02' '12' '14' '16'],4,['02' '12' '14' '16'],4,[],[]
"(734, '19375')",['12' '14'],2,['12' '14'],2,[],[]
"(735, '21028')",['14'],1,['14'],1,[],[]
"(736, '20980')",['14'],1,['14'],1,[],[]
"(737, '20339')",['01' '02' '05' '06' '08' '09' '11' '12' '13' '14' '17'],11,['14'],1,['01' '02' '05' '06' '08' '09' '11' '12' '13' '17'],[]
"(738, '19949')",['01' '02' '03' '05' '06' '08' '12' '13' '14' '15'],10,['14'],1,['01' '02' '03' '05' '06' '08' '12' '13' '15'],[]
"(739, '21192')",['14'],1,['14'],1,[],[]
"(740, '13892')",['14'],1,['14'],1,[],[]
"(741, '16655')",['13' '14' '15'],3,['13' '14' '15'],3,[],[]
"(742, '21096')",['14'],1,['14'],1,[],[]
"(743, '21124')",['14'],1,['14'],1,[],[]
"(744, '17210')",['14'],1,['14'],1,[],[]
"(745, '15167')",['01' '02' '05' '06' '10' '14'],6,['14'],1,['01' '02' '05' '06' '10'],[]
"(746, '20412')",['01' '02' '05' '06' '08' '09' '11' '12' '13' '14' '17'],11,['14'],1,['01' '02' '05' '06' '08' '09' '11' '12' '13' '17'],[]
"(747, '21484')",['14'],1,['14'],1,[],[]
"(748, '18154')",['14'],1,['14'],1,[],[]
"(749, '16667')",['14'],1,['14'],1,[],[]
"(750, '15728')",['14'],1,['14'],1,[],[]
"(751, '20496')",['06' '14' '17'],3,['06' '14' '17'],3,[],[]
"(752, '18166')",['14'],1,['14'],1,[],[]
"(753, '18698')",['14' '15'],2,['14'],1,['15'],[]
"(754, '16478')",['14'],1,['14'],1,[],[]
"(755, '16462')",['14'],1,['14'],1,[],[]
"(756, '20279')",['04' '12' '13' '14' '15'],5,['04' '12' '13' '14' '15'],5,[],[]
"(757, '19724')",['12' '13' '14' '15'],4,['14'],1,['12' '13' '15'],[]
"(758, '20724')",['12' '14'],2,['12' '14'],2,[],[]
"(759, '20484')",['09' '14' '17'],3,['14'],1,['09' '17'],[]
"(760, '21660')",['12' '14' '17'],3,['12' '14' '17'],3,[],[]
"(761, '17170')",['01' '02' '13' '14' '15'],5,['01' '13' '14' '15'],4,['02'],[]
"(762, '17755')",['01' '02' '13' '14'],4,['01' '02' '13' '14'],4,[],[]
"(763, '14807')","['01' '02' '03' '04' '05' '06' '07' '08' '09' '10' '11' '12' '13' '14' '15'
 '16' '17']",17,"['01' '02' '03' '04' '05' '06' '07' '08' '09' '10' '11' '12' '13' '14' '15'
 '16' '17']",17,[],[]
"(764, '19371')",['01' '02' '03' '05' '06' '07' '08' '09' '11' '13' '14' '15'],12,['14' '15'],2,['01' '02' '03' '05' '06' '07' '08' '09' '11' '13'],[]
"(765, '15886')",['01' '06' '09' '11' '12' '13' '14' '15'],8,['01' '06' '09' '11' '12' '13' '14' '15'],8,[],[]
"(766, '17566')",['14'],1,['14'],1,[],[]
"(767, '17002')",['14'],1,['14'],1,[],[]
"(768, '17010')",['14'],1,['14'],1,[],[]
"(769, '21632')",['14'],1,['14'],1,[],[]
"(770, '18340')",['14'],1,['14'],1,[],[]
"(771, '18331')",['14'],1,['14'],1,[],[]
"(772, '20049')",['12' '14'],2,['12' '14'],2,[],[]
"(773, '21316')",['14'],1,['14'],1,[],[]
"(774, '21348')",['14'],1,['14'],1,[],[]
"(775, '20528')",['13' '14' '15' '17'],4,['14' '15' '17'],3,['13'],[]
"(776, '19218')",['14' '15'],2,['14' '15'],2,[],[]
"(777, '20214')",['14'],1,['14'],1,[],[]
"(778, '14885')",['14'],1,['14'],1,[],[]
"(779, '21628')",['14'],1,['14'],1,[],[]
"(780, '14379')",['13' '14'],2,['13' '14'],2,[],[]
"(781, '18723')",['07' '08' '09' '14' '17'],5,['07' '08' '09' '14' '17'],5,[],[]
"(782, '14855')",['14' '17'],2,['14' '17'],2,[],[]
"(783, '15734')",['01' '08' '12' '13' '14'],5,['14'],1,['01' '08' '12' '13'],[]
"(784, '17146')",['14'],1,['14'],1,[],[]
"(785, '19844')",['14'],1,['14'],1,[],[]
"(786, '18355')",['14'],1,['14'],1,[],[]
"(787, '21068')",['14'],1,['14'],1,[],[]
"(788, '19804')",['14'],1,['14'],1,[],[]
"(789, '18280')",['14'],1,['14'],1,[],[]
"(790, '18262')",['14'],1,['14'],1,[],[]
"(791, '18232')",['14'],1,['14'],1,[],[]
"(792, '18091')",['14'],1,['14'],1,[],[]
"(793, '15334')",['01' '02' '08' '12' '13' '14' '17'],7,['14'],1,['01' '02' '08' '12' '13' '17'],[]
"(794, '18304')",['02' '03' '12' '14'],4,['14'],1,['02' '03' '12'],[]
"(795, '19383')",['01' '02' '03' '12' '14'],5,['01' '02' '12' '14'],4,['03'],[]
"(796, '19819')",['01' '14'],2,['01' '14'],2,[],[]
"(797, '19415')",['12' '14'],2,['12' '14'],2,[],[]
"(798, '18613')",['13' '14' '16' '17'],4,['13' '14' '17'],3,['16'],[]
"(799, '18406')",['01' '08' '12' '14'],4,['01' '08' '12' '14'],4,[],[]
"(800, '15509')",['01' '02' '14' '15'],4,['01' '14' '15'],3,['02'],[]
"(801, '15195')",['14'],1,['14'],1,[],[]
"(802, '20432')",['14'],1,['14'],1,[],[]
"(803, '19434')",['13' '14'],2,['13' '14'],2,[],[]
"(804, '15578')",['03' '14'],2,['14'],1,['03'],[]
"(805, '21672')",['09' '14'],2,['09' '14'],2,[],[]
"(806, '21528')",['14'],1,['14'],1,[],[]
"(807, '18283')",['01' '02' '08' '13' '14'],5,['14'],1,['01' '02' '08' '13'],[]
"(808, '18508')",['04' '08' '09' '14'],4,['08' '09' '14'],3,['04'],[]
"(809, '14995')",['01' '03' '04' '06' '09' '12' '13' '14'],8,['01' '09' '12' '13' '14'],5,['03' '04' '06'],[]
"(810, '16754')",['03' '14' '15' '16' '17'],5,['14'],1,['03' '15' '16' '17'],[]
"(811, '15187')",['03' '04' '12' '14'],4,['04' '12' '14'],3,['03'],[]
"(812, '21228')",['14'],1,['14'],1,[],[]
"(813, '20640')",['14'],1,['14'],1,[],[]
"(814, '20788')",['14'],1,['14'],1,[],[]
"(815, '14264')",['06' '13' '14' '15'],4,['06' '13' '14' '15'],4,[],[]
"(816, '19273')",['14'],1,['14'],1,[],[]
"(817, '20668')",['14'],1,['14'],1,[],[]
"(818, '19098')",['12' '14'],2,['12' '14'],2,[],[]
"(819, '20019')",['07' '13' '14'],3,['14'],1,['07' '13'],[]
"(820, '14339')",['04' '14' '16' '17'],4,['04' '14' '16' '17'],4,[],[]
"(821, '18061')",['14' '15'],2,['14' '15'],2,[],[]
"(822, '18055')",['12' '14'],2,['12' '14'],2,[],[]
"(823, '21705')",['14' '16'],2,['14' '16'],2,[],[]
"(824, '21396')",['13' '14'],2,['13' '14'],2,[],[]
"(825, '18040')",['08' '12' '13' '14'],4,['08' '12' '13' '14'],4,[],[]
"(826, '18813')",['14' '17'],2,['14' '17'],2,[],[]
"(827, '16142')",['14'],1,['14'],1,[],[]
"(828, '17550')",['14'],1,['14'],1,[],[]
"(829, '15047')",['14' '15'],2,['14'],1,['15'],[]
"(830, '16454')",['14'],1,['14'],1,[],[]
"(831, '17935')",['14'],1,['14'],1,[],[]
"(832, '14668')",['01' '05' '14'],3,['01' '05' '14'],3,[],[]
"(833, '15710')",['06' '12' '13' '14' '17'],5,['14'],1,['06' '12' '13' '17'],[]
"(834, '19353')",['08' '14'],2,['08' '14'],2,[],[]
"(835, '17038')",['14'],1,['14'],1,[],[]
"(836, '19321')",['01' '04' '05' '08' '12' '14' '17'],7,['01' '04' '05' '08' '12' '14' '17'],7,[],[]
"(837, '15314')",['12' '14'],2,['12' '14'],2,[],[]
"(838, '16316')",['14'],1,['14'],1,[],[]
"(839, '19307')",['14'],1,['14'],1,[],[]
"(840, '17398')",['14'],1,['14'],1,[],[]
"(841, '18803')",['04' '14'],2,['14'],1,['04'],[]
"(842, '17370')",['13' '14' '17'],3,['13' '14' '17'],3,[],[]
"(843, '16514')",['07' '14'],2,['07' '14'],2,[],[]
"(844, '17030')",['14'],1,['14'],1,[],[]
"(845, '15810')",['04' '13' '14' '17'],4,['04' '13' '14' '17'],4,[],[]
"(846, '21332')",['12' '14'],2,['12' '14'],2,[],[]
"(847, '16934')",['13' '14' '17'],3,['13' '14'],2,['17'],[]
"(848, '20768')",['01' '02' '03' '04' '05' '06' '08' '10' '11' '12' '13' '14' '15' '16' '17'],15,['01' '02' '03' '04' '05' '06' '08' '10' '11' '12' '13' '14' '15' '16' '17'],15,[],[]
"(849, '17354')",['13' '14' '17'],3,['13' '14' '17'],3,[],[]
"(850, '16150')",['01' '02' '03' '07' '08' '09' '10' '12' '14' '16' '17'],11,['14'],1,['01' '02' '03' '07' '08' '09' '10' '12' '16' '17'],[]
"(851, '16802')",['14'],1,['14'],1,[],[]
"(852, '15581')",['14'],1,['14'],1,[],[]
"(853, '20748')",['14'],1,['14'],1,[],[]
"(854, '21572')",['14'],1,['14'],1,[],[]
"(855, '17848')",['14'],1,['14'],1,[],[]
"(856, '18313')",['01' '06' '13' '14' '17'],5,['01' '06' '13' '14' '17'],5,[],[]
"(857, '18439')",['01' '02' '03' '06' '08' '10' '12' '13' '14' '15' '16' '17'],12,['14'],1,['01' '02' '03' '06' '08' '10' '12' '13' '15' '16' '17'],[]
"(858, '17190')",['14'],1,['14'],1,[],[]
"(859, '18253')",['14'],1,['14'],1,[],[]
"(860, '20856')",['14'],1,['14'],1,[],[]
"(861, '21717')",['07' '09' '12' '14'],4,['07' '09' '12' '14'],4,[],[]
"(862, '21344')",['14'],1,['14'],1,[],[]
"(863, '18898')",['14'],1,['14'],1,[],[]
"(864, '21052')",['14'],1,['14'],1,[],[]
"(865, '16410')",['01' '02' '12' '14'],4,['14'],1,['01' '02' '12'],[]
"(866, '20784')",['14'],1,['14'],1,[],[]
"(867, '18217')",['01' '02' '05' '08' '09' '14' '17'],7,['01' '05' '14'],3,['02' '08' '09' '17'],[]
"(868, '15175')",['02' '04' '06' '13' '14' '15'],6,['02' '04' '06' '13' '14' '15'],6,[],[]
"(869, '16607')",['13' '14' '15'],3,['13' '14' '15'],3,[],[]
"(870, '17254')",['14'],1,['14'],1,[],[]
"(871, '17262')",['14'],1,['14'],1,[],[]
"(872, '20309')",['14'],1,['14'],1,[],[]
"(873, '19373')",['14' '17'],2,['14' '17'],2,[],[]
"(874, '19293')",['14'],1,['14'],1,[],[]
"(875, '21080')",['06' '11' '12' '14'],4,['06' '11' '12' '14'],4,[],[]
"(876, '16246')",['01' '06' '11' '12' '13' '14' '15' '16'],8,['01' '06' '11' '12' '13' '14'],6,['15' '16'],[]
"(877, '19529')",['01' '02' '08' '10' '12' '13' '14'],7,['14'],1,['01' '02' '08' '10' '12' '13'],[]
"(878, '20488')",['08' '13' '14'],3,['08' '13' '14'],3,[],[]
"(879, '19379')",['14'],1,['14'],1,[],[]
"(880, '20928')",['14'],1,['14'],1,[],[]
"(881, '19343')",['14'],1,['14'],1,[],[]
"(882, '20400')",['14'],1,['14'],1,[],[]
"(883, '20532')",['14'],1,['14'],1,[],[]
"(884, '17610')",['06' '12' '14'],3,['06' '12' '14'],3,[],[]
"(885, '17680')",['06' '14'],2,['06' '14'],2,[],[]
"(886, '17671')",['14'],1,['14'],1,[],[]
"(887, '15629')",['14'],1,['14'],1,[],[]
"(888, '17322')",['14'],1,['14'],1,[],[]
"(889, '14415')",['12' '14'],2,['12' '14'],2,[],[]
"(890, '17518')",['06' '12' '14'],3,['14'],1,['06' '12'],[]
"(891, '20832')",['14'],1,['14'],1,[],[]
"(892, '17764')",['12' '14' '17'],3,['12' '14' '17'],3,[],[]
"(893, '19153')",['02' '12' '14'],3,['14'],1,['02' '12'],[]
"(894, '19173')",['14'],1,['14'],1,[],[]
"(895, '16262')",['14'],1,['14'],1,[],[]
"(896, '16230')",['01' '14'],2,['01' '14'],2,[],[]
"(897, '18463')",['14'],1,['14'],1,[],[]
"(898, '19484')",['14' '16'],2,['14' '16'],2,[],[]
"(899, '16616')",['14'],1,['14'],1,[],[]
"(900, '20792')",['14'],1,['14'],1,[],[]
"(901, '20600')",['14'],1,['14'],1,[],[]
"(902, '20896')",['12' '14'],2,['12' '14'],2,[],[]
"(903, '16661')",['14' '15'],2,['14' '15'],2,[],[]
"(904, '15019')",['01' '12' '14'],3,['01' '12' '14'],3,[],[]
"(905, '18244')",['02' '03' '14'],3,['14'],1,['02' '03'],[]
"(906, '17058')",['14'],1,['14'],1,[],[]
"(907, '19879')",['14'],1,['14'],1,[],[]
"(908, '20580')",['07' '09' '14'],3,['14'],1,['07' '09'],[]
"(909, '20648')",['01' '02' '09' '14'],4,['14'],1,['01' '02' '09'],[]
"(910, '15928')",['14'],1,['14'],1,[],[]
"(911, '18319')",['05' '14' '15'],3,['05' '14' '15'],3,[],[]
"(912, '15749')",['01' '02' '06' '13' '14' '15'],6,['14'],1,['01' '02' '06' '13' '15'],[]
"(913, '21076')",['01' '05' '13' '14' '17'],5,['01' '05' '13' '14' '17'],5,[],[]
"(914, '21056')",['14'],1,['14'],1,[],[]
"(915, '21700')",['13' '14'],2,['13' '14'],2,[],[]
"(916, '20868')",['12' '14'],2,['12' '14'],2,[],[]
"(917, '16794')",['14'],1,['14'],1,[],[]
"(918, '18478')",['14'],1,['14'],1,[],[]
"(919, '18487')",['14'],1,['14'],1,[],[]
"(920, '14945')",['01' '02' '05' '06' '08' '13' '14'],7,['01' '02' '05' '06' '08' '13' '14'],7,[],[]
"(921, '20224')",['06' '14'],2,['06' '14'],2,[],[]
"(922, '18181')",['03' '14'],2,['14'],1,['03'],[]
"(923, '21620')",['14'],1,['14'],1,[],[]
"(924, '20184')",['03' '07' '09' '12' '14'],5,['14'],1,['03' '07' '09' '12'],[]
"(925, '14351')",['01' '03' '04' '06' '11' '12' '14' '17'],8,['01' '03' '04' '06' '11' '12' '14' '17'],8,[],[]
"(926, '18688')",['12' '14' '15'],3,['14'],1,['12' '15'],[]
"(927, '17486')",['07' '09' '14'],3,['09' '14'],2,['07'],[]
"(928, '20284')",['14'],1,['14'],1,[],[]
"(929, '20776')",['14'],1,['14'],1,[],[]
"(930, '14870')",['13' '14' '15' '16' '17'],5,['13' '14' '16' '17'],4,['15'],[]
"(931, '19964')",['05' '08' '10' '14'],4,['14'],1,['05' '08' '10'],[]
"(932, '15401')","['01' '02' '03' '04' '05' '06' '07' '08' '09' '10' '11' '12' '13' '14' '15'
 '16']",16,"['01' '02' '03' '04' '05' '06' '07' '08' '09' '10' '11' '12' '13' '14' '15'
 '16']",16,[],[]
"(933, '20660')",['14' '17'],2,['14'],1,['17'],[]
"(934, '16738')",['03' '12' '13' '14'],4,['03' '12' '13' '14'],4,[],[]
"(935, '16466')",['02' '12' '14'],3,['02' '12' '14'],3,[],[]
"(936, '20516')",['01' '02' '03' '05' '08' '12' '14' '17'],8,['14'],1,['01' '02' '03' '05' '08' '12' '17'],[]
"(937, '19779')",['01' '14'],2,['01' '14'],2,[],[]
"(938, '14811')",['14'],1,['14'],1,[],[]
"(939, '21128')",['14'],1,['14'],1,[],[]
"(940, '17959')",['14'],1,['14'],1,[],[]
"(941, '20916')",['14'],1,['14'],1,[],[]
"(942, '17230')",['14'],1,['14'],1,[],[]
"(943, '15842')",['14'],1,['14'],1,[],[]
"(944, '21084')",['14'],1,['14'],1,[],[]
"(945, '15680')",['14'],1,['14'],1,[],[]
"(946, '18343')",['14'],1,['14'],1,[],[]
"(947, '16643')",['01' '02' '03' '04' '05' '06' '08' '11' '12' '13' '14' '15' '16'],13,['14'],1,['01' '02' '03' '04' '05' '06' '08' '11' '12' '13' '15' '16'],[]
"(948, '19023')",['14'],1,['14'],1,[],[]
"(949, '18172')",['13' '14' '15'],3,['13' '14' '15'],3,[],[]
"(950, '14087')",['04' '13' '14' '15' '17'],5,['04' '13' '14' '15' '17'],5,[],[]
"(951, '16350')",['14'],1,['14'],1,[],[]
"(952, '19889')",['14' '15'],2,['14' '15'],2,[],[]
"(953, '16178')",['01' '02' '03' '05' '08' '10' '12' '13' '14' '16'],10,['14'],1,['01' '02' '03' '05' '08' '10' '12' '13' '16'],[]
"(954, '15698')",['14'],1,['14'],1,[],[]
"(955, '15635')",['14'],1,['14'],1,[],[]
"(956, '16619')",['02' '13' '14'],3,['02' '13' '14'],3,[],[]
"(957, '18133')",['01' '02' '05' '08' '12' '13' '14'],7,['14'],1,['01' '02' '05' '08' '12' '13'],[]
"(958, '18412')",['09' '14' '17'],3,['14' '17'],2,['09'],[]
"(959, '15488')",['02' '03' '06' '07' '09' '11' '12' '13' '14' '15' '17'],11,['02' '03' '06' '07' '09' '11' '12' '13' '14' '15' '17'],11,[],[]
"(960, '19534')",['06' '08' '09' '11' '12' '13' '14' '15' '17'],9,['06' '08' '09' '11' '12' '13' '14' '15' '17'],9,[],[]
"(961, '16006')",['14'],1,['14'],1,[],[]
"(962, '17386')",['01' '06' '10' '14' '16' '17'],6,['14'],1,['01' '06' '10' '16' '17'],[]
"(963, '19959')",['03' '04' '10' '12' '14'],5,['14'],1,['03' '04' '10' '12'],[]
"(964, '14327')",['01' '02' '03' '12' '13' '14' '16' '17'],8,['01' '02' '03' '12' '13' '14' '16' '17'],8,[],[]
"(965, '19899')",['14'],1,['14'],1,[],[]
"(966, '15871')",['14'],1,['14'],1,[],[]
"(967, '15449')",['11' '14'],2,['11' '14'],2,[],[]
"(968, '15940')",['02' '03' '04' '05' '08' '09' '11' '12' '13' '14' '16' '17'],12,['02' '03' '04' '05' '08' '09' '11' '12' '13' '14' '16' '17'],12,[],[]
"(969, '20564')",['14'],1,['14'],1,[],[]
"(970, '20552')",['14'],1,['14'],1,[],[]
"(971, '16458')",['14' '15' '17'],3,['14' '15' '17'],3,[],[]
"(972, '16604')",['03' '06' '14'],3,['03' '06' '14'],3,[],[]
"(973, '20264')",['14'],1,['14'],1,[],[]
"(974, '20259')",['14'],1,['14'],1,[],[]
"(975, '18013')",['14'],1,['14'],1,[],[]
"(976, '14560')",['04' '14'],2,['14'],1,['04'],[]
"(977, '17824')",['14'],1,['14'],1,[],[]
"(978, '17920')",['14'],1,['14'],1,[],[]
"(979, '17866')",['14'],1,['14'],1,[],[]
"(980, '17839')",['12' '14'],2,['12' '14'],2,[],[]
"(981, '19489')",['14' '15'],2,['14' '15'],2,[],[]
"(982, '19063')",['06' '07' '08' '09' '13' '14' '17'],7,['14'],1,['06' '07' '08' '09' '13' '17'],[]
"(983, '14411')",['06' '11' '14'],3,['06' '11' '14'],3,[],[]
"(984, '21244')",['01' '04' '05' '06' '12' '13' '14' '16'],8,['01' '04' '05' '12' '13' '14' '16'],7,['06'],[]
"(985, '18505')",['13' '14'],2,['13' '14'],2,[],[]
"(986, '21492')",['14'],1,['14'],1,[],[]
"(987, '15557')",['01' '02' '08' '10' '12' '13' '14'],7,['08' '12' '13' '14'],4,['01' '02' '10'],[]
"(988, '21600')",['14'],1,['14'],1,[],[]
"(989, '17250')",['14'],1,['14'],1,[],[]
"(990, '17905')",['14'],1,['14'],1,[],[]
"(991, '20704')",['14'],1,['14'],1,[],[]
"(992, '17410')",['14'],1,['14'],1,[],[]
"(993, '17350')",['14'],1,['14'],1,[],[]
"(994, '19143')",['14' '15'],2,['14'],1,['15'],[]
"(995, '20588')",['14'],1,['14'],1,[],[]
"(996, '20804')",['14'],1,['14'],1,[],[]
"(997, '18268')",['14'],1,['14'],1,[],[]
"(998, '16774')",['01' '02' '14' '17'],4,['01' '02' '14' '17'],4,[],[]
"(999, '21144')",['14'],1,['14'],1,[],[]
"(1000, '20956')",[],0,[],0,[],[]
"(1001, '17974')",['14'],1,['14'],1,[],[]
"(1002, '17758')",['02' '03' '08' '13' '14' '15'],6,['14'],1,['02' '03' '08' '13' '15'],[]
"(1003, '21284')",['07' '12' '14' '15'],4,['07' '12' '14' '15'],4,[],[]
"(1004, '18466')",['14'],1,['14'],1,[],[]
"(1005, '17258')","['01' '02' '03' '04' '05' '06' '07' '08' '09' '10' '11' '12' '13' '14' '15'
 '16' '17']",17,['14'],1,"['01' '02' '03' '04' '05' '06' '07' '08' '09' '10' '11' '12' '13' '15' '16'
 '17']",[]
"(1006, '17102')",['14'],1,['14'],1,[],[]
"(1007, '18451')",['14'],1,['14'],1,[],[]
"(1008, '14552')",['06' '14'],2,['06' '14'],2,[],[]
"(1009, '16094')",['14'],1,['14'],1,[],[]
"(1010, '19829')",['02' '12' '14'],3,['02' '12' '14'],3,[],[]
"(1011, '19924')",['06' '14'],2,['14'],1,['06'],[]
"(1012, '15626')",['14'],1,['14'],1,[],[]
"(1013, '19979')",['14'],1,['14'],1,[],[]
"(1014, '20500')",['12' '14'],2,['14'],1,['12'],[]
"(1015, '20940')",['14'],1,['14'],1,[],[]
"(1016, '20960')",[],0,[],0,[],[]
"(1017, '19327')",['14'],1,['14'],1,[],[]
"(1018, '21408')",['12' '14'],2,['12' '14'],2,[],[]
"(1019, '18145')",['14'],1,['14'],1,[],[]
"(1020, '16568')",['06' '12' '14'],3,['06' '12' '14'],3,[],[]
"(1021, '21208')",['14'],1,['14'],1,[],[]
"(1022, '19689')",['02' '08' '10' '12' '14'],5,['14'],1,['02' '08' '10' '12'],[]
"(1023, '17214')",['14'],1,['14'],1,[],[]
"(1024, '21048')",['14'],1,['14'],1,[],[]
"(1025, '17965')",['14'],1,['14'],1,[],[]
"(1026, '19178')",['03' '06' '08' '09' '11' '13' '14' '16' '17'],9,['03' '06' '08' '09' '11' '13' '14' '16' '17'],9,[],[]
"(1027, '18112')",['14'],1,['14'],1,[],[]
"(1028, '18598')",['06' '07' '14'],3,['06' '07' '14'],3,[],[]
"(1029, '16522')",['06' '14' '15'],3,['14'],1,['06' '15'],[]
"(1030, '20592')",['11' '12' '14' '15'],4,['14'],1,['11' '12' '15'],[]
"(1031, '18409')",['14'],1,['14'],1,[],[]
"(1032, '20996')",['04' '06' '09' '11' '12' '14' '15'],7,['04' '06' '11' '12' '14' '15'],6,['09'],[]
"(1033, '18533')",['14'],1,['14'],1,[],[]
"(1034, '21276')",['01' '02' '03' '10' '13' '14'],6,['01' '02' '13' '14'],4,['03' '10'],[]
"(1035, '15440')",['02' '14'],2,['14'],1,['02'],[]
"(1036, '18229')",['14'],1,['14'],1,[],[]
"(1037, '20119')",['14'],1,['14'],1,[],[]
"(1038, '15536')",['13' '14'],2,['13' '14'],2,[],[]
"(1039, '20604')",['01' '02' '03' '14' '17'],5,['14'],1,['01' '02' '03' '17'],[]
"(1040, '20319')",['14' '17'],2,['14' '17'],2,[],[]
"(1041, '15788')",['01' '06' '13' '14' '15' '17'],6,['01' '06' '13' '14' '15' '17'],6,[],[]
"(1042, '19228')",['01' '02' '05' '06' '08' '09' '11' '12' '13' '14' '17'],11,['14'],1,['01' '02' '05' '06' '08' '09' '11' '12' '13' '17'],[]
"(1043, '18923')",['14'],1,['14'],1,[],[]
"(1044, '17950')",['14'],1,['14'],1,[],[]
"(1045, '19734')",['12' '14' '15'],3,['14'],1,['12' '15'],[]
"(1046, '21024')",['14'],1,['14'],1,[],[]
"(1047, '19108')",['12' '14'],2,['12' '14'],2,[],[]
"(1048, '16546')",['14'],1,['14'],1,[],[]
"(1049, '15593')",['14'],1,['14'],1,[],[]
"(1050, '17462')",['06' '14'],2,['06' '14'],2,[],[]
"(1051, '21304')",['14'],1,['14'],1,[],[]
"(1052, '21300')",['14'],1,['14'],1,[],[]
"(1053, '20044')",['06' '07' '13' '14'],4,['14'],1,['06' '07' '13'],[]
"(1054, '17234')",['14'],1,['14'],1,[],[]
"(1055, '17286')",['01' '02' '03' '04' '08' '13' '14'],7,['14'],1,['01' '02' '03' '04' '08' '13'],[]
"(1056, '17306')",['01' '02' '03' '04' '13' '14'],6,['14'],1,['01' '02' '03' '04' '13'],[]
"(1057, '18908')",['14'],1,['14'],1,[],[]
"(1058, '17506')",['14'],1,['14'],1,[],[]
"(1059, '19339')",['02' '08' '14'],3,['14'],1,['02' '08'],[]
"(1060, '17110')",['14'],1,['14'],1,[],[]
"(1061, '15659')",['02' '03' '06' '11' '12' '14' '15' '17'],8,['02' '03' '06' '11' '12' '14' '15' '17'],8,[],[]
"(1062, '20448')",['06' '12' '14'],3,['12' '14'],2,['06'],[]
"(1063, '20696')",['02' '04' '05' '06' '07' '09' '12' '13' '14' '16' '17'],11,['02' '04' '05' '06' '07' '09' '12' '13' '14' '16' '17'],11,[],[]
"(1064, '20888')",['14'],1,['14'],1,[],[]
"(1065, '20948')",['14'],1,['14'],1,[],[]
"(1066, '20900')",['14' '15'],2,['14' '15'],2,[],[]
"(1067, '19569')",['14'],1,['14'],1,[],[]
"(1068, '17242')",['14'],1,['14'],1,[],[]
"(1069, '16014')",['13' '14'],2,['13' '14'],2,[],[]
"(1070, '20059')",['14'],1,['14'],1,[],[]
"(1071, '18998')",['01' '05' '06' '07' '09' '13' '14' '15' '17'],9,['01' '05' '06' '07' '09' '13' '14' '15' '17'],9,[],[]
"(1072, '16631')",['14'],1,['14'],1,[],[]
"(1073, '16894')",['01' '02' '14'],3,['01' '02' '14'],3,[],[]
"(1074, '17971')",['14' '15'],2,['14' '15'],2,[],[]
"(1075, '17246')","['01' '02' '03' '04' '05' '06' '07' '08' '09' '10' '11' '12' '13' '14' '15'
 '16' '17']",17,['14'],1,"['01' '02' '03' '04' '05' '06' '07' '08' '09' '10' '11' '12' '13' '15' '16'
 '17']",[]
"(1076, '17122')",['14'],1,['14'],1,[],[]
"(1077, '18352')",['14'],1,['14'],1,[],[]
"(1078, '20289')",['11' '12' '14' '17'],4,['12' '14' '17'],3,['11'],[]
"(1079, '14987')",['09' '14'],2,['09' '14'],2,[],[]
"(1080, '20992')",['14'],1,['14'],1,[],[]
"(1081, '16922')",['14'],1,['14'],1,[],[]
"(1082, '21729')",['14'],1,['14'],1,[],[]
"(1083, '16990')",['14'],1,['14'],1,[],[]
"(1084, '15155')",['13' '14'],2,['13' '14'],2,[],[]
"(1085, '17006')",['14'],1,['14'],1,[],[]
"(1086, '18034')",['14'],1,['14'],1,[],[]
"(1087, '21308')",['14'],1,['14'],1,[],[]
"(1088, '15027')",['02' '06' '08' '14' '15' '16'],6,['14' '16'],2,['02' '06' '08' '15'],[]
"(1089, '14234')",['14' '16'],2,['14' '16'],2,[],[]
"(1090, '17734')",['01' '08' '12' '13' '14' '17'],6,['14'],1,['01' '08' '12' '13' '17'],[]
"(1091, '16556')",['01' '02' '12' '13' '14'],5,['01' '12' '13' '14'],4,['02'],[]
"(1092, '17226')",['14'],1,['14'],1,[],[]
"(1093, '18993')",['14'],1,['14'],1,[],[]
"(1094, '18298')",['14'],1,['14'],1,[],[]
"(1095, '19644')",['14'],1,['14'],1,[],[]
"(1096, '19359')",['01' '08' '14'],3,['01' '08' '14'],3,[],[]
"(1097, '15551')",['02' '03' '04' '05' '06' '07' '11' '12' '13' '14' '15' '16' '17'],13,['02' '03' '05' '06' '07' '11' '12' '13' '14' '15' '16' '17'],12,['04'],[]
"(1098, '14472')",['14'],1,['14'],1,[],[]
"(1099, '19283')",['14'],1,['14'],1,[],[]
"(1100, '21436')",['14'],1,['14'],1,[],[]
"(1101, '14716')",['06' '11' '13' '14' '17'],5,['06' '11' '13' '14' '17'],5,[],[]
"(1102, '18019')",['14'],1,['14'],1,[],[]
"(1103, '17737')",['04' '06' '08' '09' '11' '12' '14' '15' '16'],9,['14'],1,['04' '06' '08' '09' '11' '12' '15' '16'],[]
"(1104, '20169')",['14'],1,['14'],1,[],[]
"(1105, '15238')",['13' '14'],2,['13' '14'],2,[],[]
"(1106, '15617')",['14'],1,['14'],1,[],[]
"(1107, '19419')",['14'],1,['14'],1,[],[]
"(1108, '15554')",['14' '16'],2,['14' '16'],2,[],[]
"(1109, '18400')",['13' '14'],2,['14'],1,['13'],[]
"(1110, '16798')",['14'],1,['14'],1,[],[]
"(1111, '15668')",['02' '07' '08' '13' '14'],5,['14'],1,['02' '07' '08' '13'],[]
"(1112, '17986')",['14'],1,['14'],1,[],[]
"(1113, '17845')",['14'],1,['14'],1,[],[]
"(1114, '17833')",['14'],1,['14'],1,[],[]
"(1115, '17338')",['14'],1,['14'],1,[],[]
"(1116, '17851')",['14'],1,['14'],1,[],[]
"(1117, '17278')",['14'],1,['14'],1,[],[]
"(1118, '18484')",['04' '14'],2,['04' '14'],2,[],[]
"(1119, '19329')",['01' '02' '03' '04' '05' '06' '07' '08' '09' '10' '11' '12' '13' '14'],14,['01' '02' '03' '05' '06' '07' '08' '09' '10' '11' '12' '13' '14'],13,['04'],[]
"(1120, '21176')",['02' '14'],2,['02' '14'],2,[],[]
"(1121, '21160')",['14'],1,['14'],1,[],[]
"(1122, '21164')",['02' '14'],2,['02' '14'],2,[],[]
"(1123, '21172')",['02' '14'],2,['02' '14'],2,[],[]
"(1124, '21156')",['14'],1,['14'],1,[],[]
"(1125, '21168')",['14'],1,['14'],1,[],[]
"(1126, '21180')",['02' '14'],2,['02' '14'],2,[],[]
"(1127, '16954')",['02' '08' '12' '13' '14' '17'],6,['14'],1,['02' '08' '12' '13' '17'],[]
"(1128, '18265')",['01' '02' '05' '08' '12' '14' '15'],7,['14'],1,['01' '02' '05' '08' '12' '15'],[]
"(1129, '15608')",['12' '14' '17'],3,['12' '14' '17'],3,[],[]
"(1130, '18502')",['02' '13' '14'],3,['02' '13' '14'],3,[],[]
"(1131, '16054')",['02' '03' '08' '12' '13' '14'],6,['14'],1,['02' '03' '08' '12' '13'],[]
"(1132, '20194')",['03' '07' '08' '09' '11' '12' '13' '14'],8,['14'],1,['03' '07' '08' '09' '11' '12' '13'],[]
"(1133, '20712')",['14'],1,['14'],1,[],[]
"(1134, '21132')",['14' '17'],2,['14' '17'],2,[],[]
"(1135, '18130')",['12' '14'],2,['14'],1,['12'],[]
"(1136, '16283')",['02' '05' '08' '09' '14' '17'],6,['02' '05' '08' '09' '14' '17'],6,[],[]
"(1137, '17542')",['14'],1,['14'],1,[],[]
"(1138, '20374')",['14'],1,['14'],1,[],[]
"(1139, '15410')",['05' '14'],2,['05' '14'],2,[],[]
"(1140, '20244')",['01' '03' '04' '06' '08' '09' '10' '11' '12' '13' '14' '15' '16' '17'],14,['01' '03' '04' '06' '08' '09' '10' '11' '12' '13' '14' '15' '16' '17'],14,[],[]
"(1141, '17442')",['04' '05' '13' '14'],4,['04' '05' '13' '14'],4,[],[]
"(1142, '20608')",['06' '07' '09' '13' '14' '17'],6,['06' '07' '09' '13' '14' '17'],6,[],[]
"(1143, '20688')",['14'],1,['14'],1,[],[]
"(1144, '20700')",['14'],1,['14'],1,[],[]
"(1145, '18958')",['14'],1,['14'],1,[],[]
"(1146, '18953')",['14'],1,['14'],1,[],[]
"(1147, '18948')",['14'],1,['14'],1,[],[]
"(1148, '19008')",['14'],1,['14'],1,[],[]
"(1149, '18928')",['14'],1,['14'],1,[],[]
"(1150, '18943')",['14'],1,['14'],1,[],[]
"(1151, '19013')",['14'],1,['14'],1,[],[]
"(1152, '19003')",['14'],1,['14'],1,[],[]
"(1153, '18968')",['14'],1,['14'],1,[],[]
"(1154, '18963')",['14'],1,['14'],1,[],[]
"(1155, '20912')",['14'],1,['14'],1,[],[]
"(1156, '15242')",['01' '03' '04' '05' '06' '07' '08' '09' '11' '12' '13' '14' '15' '16' '17'],15,['01' '03' '04' '05' '06' '07' '08' '11' '12' '13' '14' '15' '16' '17'],14,['09'],[]
"(1157, '21044')",['14'],1,['14'],1,[],[]
"(1158, '18115')",['02' '08' '12' '14' '15'],5,['14'],1,['02' '08' '12' '15'],[]
"(1159, '17770')",['13' '14'],2,['13' '14'],2,[],[]
"(1160, '15368')",['13' '14'],2,['13' '14'],2,[],[]
"(1161, '18124')",['14'],1,['14'],1,[],[]
"(1162, '21444')",['01' '05' '09' '14'],4,['01' '05' '14'],3,['09'],[]
"(1163, '16026')",['01' '02' '03' '04' '06' '07' '08' '09' '11' '12' '14'],11,['02' '04' '06' '07' '09' '12' '14'],7,['01' '03' '08' '11'],[]
"(1164, '21184')",['02' '12' '14' '17'],4,['12' '14' '17'],3,['02'],[]
"(1165, '20644')",['01' '02' '03' '14' '17'],5,['14'],1,['01' '02' '03' '17'],[]
"(1166, '16862')",['14'],1,['14'],1,[],[]
"(1167, '19363')",['14' '17'],2,['14' '17'],2,[],[]
"(1168, '17450')",['04' '05' '13' '14'],4,['04' '05' '13' '14'],4,[],[]
"(1169, '17458')",['04' '05' '13' '14'],4,['04' '05' '13' '14'],4,[],[]
"(1170, '18472')",['05' '08' '12' '14' '16' '17'],6,['14' '17'],2,['05' '08' '12' '16'],[]
"(1171, '15599')",['11' '12' '14'],3,['11' '12' '14'],3,[],[]
"(1172, '16426')",['14'],1,['14'],1,[],[]
"(1173, '16709')",['01' '14' '16'],3,['01' '14' '16'],3,[],[]
"(1174, '17594')",['13' '14'],2,['13' '14'],2,[],[]
"(1175, '17635')",['14'],1,['14'],1,[],[]
"(1176, '17142')",['14'],1,['14'],1,[],[]
"(1177, '17134')",['14'],1,['14'],1,[],[]
"(1178, '16770')",['14' '17'],2,['14' '17'],2,[],[]
"(1179, '18823')",['01' '02' '13' '14' '15' '17'],6,['14'],1,['01' '02' '13' '15' '17'],[]
"(1180, '19258')",['01' '14'],2,['01' '14'],2,[],[]
"(1181, '19319')",['13' '14'],2,['13' '14'],2,[],[]
"(1182, '16118')",['01' '02' '03' '04' '05' '06' '08' '10' '12' '13' '14' '16' '17'],13,['14'],1,['01' '02' '03' '04' '05' '06' '08' '10' '12' '13' '16' '17'],[]
"(1183, '19944')",['04' '13' '14'],3,['04' '13' '14'],3,[],[]
"(1184, '21292')",['01' '02' '03' '05' '12' '13' '14'],7,['14'],1,['01' '02' '03' '05' '12' '13'],[]
"(1185, '20074')",['10' '12' '14' '17'],4,['10' '12' '14' '17'],4,[],[]
"(1186, '18588')",['14' '15'],2,['14'],1,['15'],[]
"(1187, '17454')",['02' '05' '08' '13' '14' '15'],6,['02' '05' '08' '13' '14' '15'],6,[],[]
"(1188, '18773')",['08' '14'],2,['08' '14'],2,[],[]
"(1189, '21152')",['14'],1,['14'],1,[],[]
"(1190, '17490')",['11' '12' '13' '14' '15' '17'],6,['11' '12' '13' '14' '15' '17'],6,[],[]
"(1191, '17498')",['01' '02' '03' '06' '12' '13' '14' '15'],8,['14'],1,['01' '02' '03' '06' '12' '13' '15'],[]
"(1192, '21656')",['02' '13' '14' '17'],4,['14'],1,['02' '13' '17'],[]
"(1193, '18364')",['06' '14' '15'],3,['06' '14' '15'],3,[],[]
"(1194, '18067')",['14'],1,['14'],1,[],[]
"(1195, '16126')",['14' '17'],2,['14' '17'],2,[],[]
"(1196, '21560')",['01' '02' '08' '09' '13' '14'],6,['14'],1,['01' '02' '08' '09' '13'],[]
"(1197, '19744')",['02' '06' '08' '14'],4,['02' '06' '08' '14'],4,[],[]
"(1198, '17174')",['02' '03' '06' '08' '09' '11' '12' '13' '14' '17'],10,['02' '03' '06' '08' '09' '11' '12' '13' '14' '17'],10,[],[]
"(1199, '21352')",['13' '14'],2,['13' '14'],2,[],[]
"(1200, '19919')",['14'],1,['14'],1,[],[]
"(1201, '19078')",['02' '14'],2,['14'],1,['02'],[]
"(1202, '19739')",['02' '06' '08' '14'],4,['02' '06' '08' '14'],4,[],[]
"(1203, '16146')",['14'],1,['14'],1,[],[]
"(1204, '16946')",['14'],1,['14'],1,[],[]
"(1205, '16307')",['14'],1,['14'],1,[],[]
"(1206, '15974')",['02' '05' '07' '13' '14'],5,['02' '14'],2,['05' '07' '13'],[]
"(1207, '15704')",['09' '14'],2,['09' '14'],2,[],[]
"(1208, '21240')",['02' '04' '06' '07' '08' '09' '11' '12' '13' '14' '16' '17'],12,['14'],1,['02' '04' '06' '07' '08' '09' '11' '12' '13' '16' '17'],[]
"(1209, '20369')",['06' '13' '14'],3,['14'],1,['06' '13'],[]
"(1210, '15031')",['02' '06' '11' '12' '14' '15'],6,['02' '06' '11' '12' '14' '15'],6,[],[]
"(1211, '17206')",['09' '11' '13' '14'],4,['14'],1,['09' '11' '13'],[]
"(1212, '20324')",['01' '03' '05' '14' '17'],5,['01' '14' '17'],3,['03' '05'],[]
"(1213, '19789')",['06' '14' '15'],3,['14'],1,['06' '15'],[]
"(1214, '16170')",['01' '02' '14' '17'],4,['01' '02' '14' '17'],4,[],[]
"(1215, '18127')",['14' '15'],2,['14'],1,['15'],[]
"(1216, '17482')",['02' '14' '15'],3,['14'],1,['02' '15'],[]
"(1217, '19337')",['13' '14' '17'],3,['13' '14' '17'],3,[],[]
"(1218, '18528')",['11' '12' '14'],3,['11' '12' '14'],3,[],[]
"(1219, '18049')",['08' '12' '14'],3,['08' '12' '14'],3,[],[]
"(1220, '20009')",['06' '07' '13' '14'],4,['14'],1,['06' '07' '13'],[]
"(1221, '18427')",['14'],1,['14'],1,[],[]
"(1222, '18436')",['14'],1,['14'],1,[],[]
"(1223, '17314')",['12' '13' '14' '17'],4,['12' '13' '14' '17'],4,[],[]
"(1224, '21248')",['08' '14'],2,['14'],1,['08'],[]
"(1225, '15982')",['14' '15'],2,['14'],1,['15'],[]
"(1226, '19874')",['13' '14'],2,['13' '14'],2,[],[]
"(1227, '16474')",['14'],1,['14'],1,[],[]
"(1228, '15910')",['01' '02' '05' '07' '08' '09' '14' '16' '17'],9,['14'],1,['01' '02' '05' '07' '08' '09' '16' '17'],[]
"(1229, '16918')",['14'],1,['14'],1,[],[]
"(1230, '21004')",['14'],1,['14'],1,[],[]
"(1231, '18238')",['14'],1,['14'],1,[],[]
"(1232, '18415')",['06' '07' '14' '15'],4,['06' '07' '14' '15'],4,[],[]
"(1233, '15358')",['08' '14'],2,['08' '14'],2,[],[]
"(1234, '20274')",['11' '12' '13' '14'],4,['11' '12' '13' '14'],4,[],[]
"(1235, '18538')",['14' '15'],2,['14'],1,['15'],[]
"(1236, '14688')",['08' '12' '14'],3,['08' '12' '14'],3,[],[]
"(1237, '18235')",['14'],1,['14'],1,[],[]
"(1238, '20139')",['14'],1,['14'],1,[],[]
"(1239, '17644')",['01' '02' '05' '14' '17'],5,['01' '02' '05' '14' '17'],5,[],[]
"(1240, '17606')",['01' '05' '14' '17'],4,['01' '05' '14' '17'],4,[],[]
"(1241, '14827')",['02' '13' '14'],3,['14'],1,['02' '13'],[]
"(1242, '21536')",['14' '17'],2,['14' '17'],2,[],[]
"(1243, '17078')",['14'],1,['14'],1,[],[]
"(1244, '19854')",['03' '08' '11' '12' '13' '14' '15' '16' '17'],9,['14'],1,['03' '08' '11' '12' '13' '15' '16' '17'],[]
"(1245, '18469')",['02' '12' '14' '17'],4,['14' '17'],2,['02' '12'],[]
"(1246, '18481')",['14'],1,['14'],1,[],[]
"(1247, '18142')",['14'],1,['14'],1,[],[]
"(1248, '16322')",['02' '05' '08' '12' '14'],5,['14'],1,['02' '05' '08' '12'],[]
"(1249, '20820')",['13' '14' '16' '17'],4,['13' '14' '16' '17'],4,[],[]
"(1250, '21416')",['01' '05' '06' '07' '11' '12' '13' '14' '15' '16' '17'],11,['14'],1,['01' '05' '06' '07' '11' '12' '13' '15' '16' '17'],[]
"(1251, '20124')",['01' '02' '08' '14'],4,['14'],1,['01' '02' '08'],[]
"(1252, '14840')",['01' '02' '03' '06' '12' '14'],6,['01' '02' '03' '06' '12' '14'],6,[],[]
"(1253, '18868')",['14'],1,['14'],1,[],[]
"(1254, '14787')",['05' '09' '11' '13' '14'],5,['05' '09' '11' '13' '14'],5,[],[]
"(1255, '19386')",['03' '04' '12' '14' '17'],5,['03' '04' '12' '14' '17'],5,[],[]
"(1256, '21636')",['04' '13' '14' '17'],4,['04' '13' '14' '17'],4,[],[]
"(1257, '19429')",['04' '13' '14' '17'],4,['04' '13' '14' '17'],4,[],[]
"(1258, '20294')",['14'],1,['14'],1,[],[]
"(1259, '18558')",['07' '13' '14'],3,['07' '13' '14'],3,[],[]
"(1260, '17812')",['14'],1,['14'],1,[],[]
"(1261, '18208')",['14'],1,['14'],1,[],[]
"(1262, '18211')",['14'],1,['14'],1,[],[]
"(1263, '18205')",['14'],1,['14'],1,[],[]
"(1264, '15850')",['14'],1,['14'],1,[],[]
"(1265, '18022')",['14'],1,['14'],1,[],[]
"(1266, '15948')",['14'],1,['14'],1,[],[]
"(1267, '15611')",['02' '03' '06' '07' '08' '11' '12' '13' '14' '15'],10,['02' '06' '07' '12' '13' '14'],6,['03' '08' '11' '15'],[]
"(1268, '18292')",['01' '02' '12' '13' '14' '17'],6,['14'],1,['01' '02' '12' '13' '17'],[]
"(1269, '13900')",['14'],1,['14'],1,[],[]
"(1270, '18031')",['14'],1,['14'],1,[],[]
"(1271, '19909')",['14'],1,['14'],1,[],[]
"(1272, '17118')",['14'],1,['14'],1,[],[]
"(1273, '14876')",['14'],1,['14'],1,[],[]
"(1274, '16198')",['08' '11' '13' '14' '15' '17'],6,['08' '11' '13' '14' '15' '17'],6,[],[]
"(1275, '18708')",['02' '12' '14' '15'],4,['14'],1,['02' '12' '15'],[]
"(1276, '21604')",['14'],1,['14'],1,[],[]
"(1277, '19864')",['01' '05' '08' '10' '12' '13' '14'],7,['14'],1,['01' '05' '08' '10' '12' '13'],[]
"(1278, '18603')",['12' '14' '17'],3,['12' '14' '17'],3,[],[]
"(1279, '17815')",['01' '02' '06' '07' '09' '11' '12' '13' '14' '15' '16' '17'],12,['01' '02' '06' '07' '09' '11' '12' '13' '14' '15' '16' '17'],12,[],[]
"(1280, '16778')",['01' '03' '12' '13' '14'],5,['01' '12' '13' '14'],4,['03'],[]
"(1281, '20014')",['13' '14' '15'],3,['14'],1,['13' '15'],[]
"(1282, '20596')",['01' '02' '03' '09' '14' '17'],6,['14'],1,['01' '02' '03' '09' '17'],[]
"(1283, '14963')",['13' '14' '15' '17'],4,['13' '14' '15' '17'],4,[],[]
"(1284, '19814')",['02' '12' '14'],3,['02' '12' '14'],3,[],[]
"(1285, '21196')",['05' '13' '14'],3,['05' '13' '14'],3,[],[]
"(1286, '17618')",['01' '02' '14'],3,['01' '02' '14'],3,[],[]
"(1287, '15227')",['14'],1,['14'],1,[],[]
"(1288, '15039')",['06' '07' '11' '12' '13' '14' '15'],7,['14'],1,['06' '07' '11' '12' '13' '15'],[]
"(1289, '15798')",['11' '13' '14' '17'],4,['11' '13' '14' '17'],4,[],[]
"(1290, '14321')",['02' '13' '14'],3,['02' '13' '14'],3,[],[]
"(1291, '16830')",['04' '05' '13' '14' '16' '17'],6,['04' '05' '13' '14' '16' '17'],6,[],[]
"(1292, '14947')",['01' '02' '14' '17'],4,['01' '02' '14' '17'],4,[],[]
"(1293, '15826')",['01' '08' '09' '10' '11' '12' '13' '14' '17'],9,['14'],1,['01' '08' '09' '10' '11' '12' '13' '17'],[]
"(1294, '19759')",['06' '13' '14' '15' '16'],5,['06' '13' '14' '15' '16'],5,[],[]
"(1295, '21064')",['08' '14' '16' '17'],4,['08' '14' '16' '17'],4,[],[]
"(1296, '15892')",['08' '14'],2,['08' '14'],2,[],[]
"(1297, '18838')",['14'],1,['14'],1,[],[]
"(1298, '18310')",['14'],1,['14'],1,[],[]
"(1299, '14849')",['02' '13' '14'],3,['14'],1,['02' '13'],[]
"(1300, '19794')",['14'],1,['14'],1,[],[]
"(1301, '16886')",['01' '02' '08' '14' '17'],5,['01' '02' '08' '14' '17'],5,[],[]
"(1302, '18828')",['14'],1,['14'],1,[],[]
"(1303, '21714')",['04' '06' '07' '08' '09' '10' '11' '12' '13' '14' '15' '16' '17'],13,['04' '06' '07' '08' '09' '10' '11' '12' '13' '14' '15' '16' '17'],13,[],[]
"(1304, '16866')",['14'],1,['14'],1,[],[]
"(1305, '18346')",['14'],1,['14'],1,[],[]
"(1306, '16574')",['14'],1,['14'],1,[],[]
"(1307, '16810')",['01' '08' '14' '16'],4,['01' '08' '14' '16'],4,[],[]
"(1308, '19028')",['14'],1,['14'],1,[],[]
"(1309, '18241')",['14'],1,['14'],1,[],[]
"(1310, '15834')",['14' '17'],2,['14' '17'],2,[],[]
"(1311, '18863')",['03' '06' '11' '14' '15' '17'],6,['14'],1,['03' '06' '11' '15' '17'],[]
"(1312, '20129')",['14'],1,['14'],1,[],[]
"(1313, '18274')",['14'],1,['14'],1,[],[]
"(1314, '19654')",['06' '12' '13' '14'],4,['06' '12' '13' '14'],4,[],[]
"(1315, '18289')",['14'],1,['14'],1,[],[]
"(1316, '20304')",['02' '12' '14'],3,['02' '12' '14'],3,[],[]
"(1317, '21392')",['13' '14' '17'],3,['13' '14' '17'],3,[],[]
"(1318, '21256')",['08' '12' '14' '15' '17'],5,['14'],1,['08' '12' '15' '17'],[]
"(1319, '21464')",['01' '14' '17'],3,['01' '14' '17'],3,[],[]
"(1320, '15944')",['01' '02' '08' '10' '13' '14' '15' '17'],8,['01' '02' '08' '10' '13' '14' '15' '17'],8,[],[]
"(1321, '18106')",['14'],1,['14'],1,[],[]
"(1322, '20344')",['14'],1,['14'],1,[],[]
"(1323, '18094')",['14'],1,['14'],1,[],[]
"(1324, '19168')",['02' '12' '14'],3,['14'],1,['02' '12'],[]
"(1325, '15515')",['03' '14'],2,['14'],1,['03'],[]
"(1326, '19774')",['04' '05' '06' '14' '17'],5,['04' '05' '06' '14' '17'],5,[],[]
"(1327, '16222')",['11' '12' '14'],3,['11' '12' '14'],3,[],[]
"(1328, '21104')",['01' '12' '13' '14'],4,['01' '12' '14'],3,['13'],[]
"(1329, '14967')",['01' '02' '13' '14'],4,['01' '02' '13' '14'],4,[],[]
"(1330, '14427')",['02' '08' '12' '13' '14'],5,['02' '08' '12' '14'],4,['13'],[]
"(1331, '19073')",['14'],1,['14'],1,[],[]
"(1332, '18973')",['14'],1,['14'],1,[],[]
"(1333, '21288')",['02' '14'],2,['14'],1,['02'],[]
"(1334, '21264')",['13' '14'],2,['13' '14'],2,[],[]
"(1335, '19719')",['14'],1,['14'],1,[],[]
"(1336, '20480')",['14'],1,['14'],1,[],[]
"(1337, '18833')",['12' '14' '17'],3,['14'],1,['12' '17'],[]
"(1338, '16758')",['01' '02' '03' '05' '06' '07' '08' '10' '12' '13' '14' '16' '17'],13,['14'],1,['01' '02' '03' '05' '06' '07' '08' '10' '12' '13' '16' '17'],[]
"(1339, '15641')",['14'],1,['14'],1,[],[]
"(1340, '15772')",['13' '14'],2,['13' '14'],2,[],[]
"(1341, '16589')",['14'],1,['14'],1,[],[]
"(1342, '17662')",['12' '14'],2,['12' '14'],2,[],[]
"(1343, '21252')",['14'],1,['14'],1,[],[]
"(1344, '19884')",['06' '09' '11' '12' '13' '14'],6,['06' '09' '11' '12' '13' '14'],6,[],[]
"(1345, '18783')",['03' '06' '08' '11' '12' '14' '15'],7,['14'],1,['03' '06' '08' '11' '12' '15'],[]
"(1346, '16074')",['01' '02' '03' '07' '08' '10' '12' '14' '15'],9,['14'],1,['01' '02' '03' '07' '08' '10' '12' '15'],[]
"(1347, '18808')",['05' '14'],2,['05' '14'],2,[],[]
"(1348, '18043')",['14'],1,['14'],1,[],[]
"(1349, '21012')",['14'],1,['14'],1,[],[]
"(1350, '19934')",['08' '14' '15'],3,['08' '14' '15'],3,[],[]
"(1351, '20732')",['14'],1,['14'],1,[],[]
"(1352, '17130')",['08' '09' '12' '13' '14' '17'],6,['08' '09' '12' '13' '14' '17'],6,[],[]
"(1353, '16358')",['14' '17'],2,['14' '17'],2,[],[]
"(1354, '21488')",['11' '14'],2,['11' '14'],2,[],[]
"(1355, '16986')",['14'],1,['14'],1,[],[]
"(1356, '21684')",['04' '06' '13' '14'],4,['04' '06' '13' '14'],4,[],[]
"(1357, '19163')",['06' '11' '12' '14'],4,['06' '11' '12' '14'],4,[],[]
"(1358, '14135')",['13' '14'],2,['13' '14'],2,[],[]
"(1359, '15752')",['02' '03' '07' '13' '14' '15'],6,['14'],1,['02' '03' '07' '13' '15'],[]
"(1360, '21420')",['08' '14'],2,['08' '14'],2,[],[]
"(1361, '20144')",['14'],1,['14'],1,[],[]
"(1362, '20396')",['14'],1,['14'],1,[],[]
"(1363, '20064')",['05' '14'],2,['05' '14'],2,[],[]
"(1364, '18460')",['14'],1,['14'],1,[],[]
"(1365, '19357')",['14'],1,['14'],1,[],[]
"(1366, '17514')",['14' '15'],2,['14' '15'],2,[],[]
"(1367, '16022')",['01' '02' '03' '06' '08' '09' '11' '12' '14' '17'],10,['02' '06' '08' '09' '11' '12' '14' '17'],8,['01' '03'],[]
"(1368, '16050')",['03' '09' '11' '12' '14' '17'],6,['14'],1,['03' '09' '11' '12' '17'],[]
"(1369, '17126')",['14'],1,['14'],1,[],[]
"(1370, '21612')",['14'],1,['14'],1,[],[]
"(1371, '14835')",['14'],1,['14'],1,[],[]
"(1372, '17158')",['08' '09' '11' '14' '17'],5,['08' '09' '11' '14' '17'],5,[],[]
"(1373, '19459')",['14'],1,['14'],1,[],[]
"(1374, '14082')",['14'],1,['14'],1,[],[]
"(1375, '16378')",['14'],1,['14'],1,[],[]
"(1376, '19068')",['01' '02' '06' '08' '11' '12' '14' '17'],8,['01' '02' '06' '08' '11' '12' '14' '17'],8,[],[]
"(1377, '18873')",['14'],1,['14'],1,[],[]
"(1378, '20354')",['12' '14' '17'],3,['12' '14' '17'],3,[],[]
"(1379, '18633')",['06' '12' '14' '15' '17'],5,['06' '12' '14' '15' '17'],5,[],[]
"(1380, '16018')",['02' '12' '14'],3,['14'],1,['02' '12'],[]
